"location_iso3","disease","impact_factor","total_fvps","total_deaths_averted"
"AFG","D",0.000213535462861381,12410222.2,2650.02254168959
"AFG","P",0.00601788574682057,12410222.2,74683.2992922562
"AFG","T",0.000694652793561397,12410222.2,8620.79551994766
"AFG","TB",0.00144542007802254,13773691.93,19908.770864119
"AGO","D",0.000221111249109346,9740645.12,2153.76620961405
"AGO","P",0.00851660954386841,9740645.12,82957.2711924272
"AGO","T",0.000620322336375477,9740645.12,6042.33973864279
"AGO","TB",0.00271663442947494,12547158.51,34086.0428003454
"ALB","D",1.58280280604953e-05,761900.76,12.0593866085927
"ALB","P",0.000780687597355037,761900.76,594.806473747377
"ALB","T",9.28476280451368e-05,761900.76,70.7406783717871
"ALB","TB",5.80228820560323e-05,753813.96,43.7384584932707
"AND","D",NA,0,0
"AND","P",NA,0,0
"AND","T",NA,0,0
"AND","TB",NA,0,0
"ARE","D",0.000206713702512677,1592467.38,329.184828250463
"ARE","P",0.00321134195473603,1592467.38,5113.95730894257
"ARE","T",0.000288044432144673,1592467.38,458.701362181015
"ARE","TB",0.000715708567104573,1600474.86,1145.47356873749
"ARG","D",4.63361645335994e-05,13355600.59,618.847306383277
"ARG","P",0.00140914298407339,13355600.59,18819.950869485
"ARG","T",0.000165169286859717,13355600.59,2205.93502503351
"ARG","TB",0.000157589485619826,14162406.1,2231.84629243809
"ARM","D",3.35577424265804e-05,761809.88,25.5646197310641
"ARM","P",0.00130364125969225,761809.88,993.126791609203
"ARM","T",0.000137801119427617,761809.88,104.978254255018
"ARM","TB",0.000125783444796051,796360.9,100.169017302884
"ATG","D",6.68060920991038e-05,28990.84,1.93676472707038
"ATG","P",0.00167261146221657,28990.84,48.4904112832865
"ATG","T",0.00018769668689517,28990.84,5.44148461830797
"ATG","TB",NA,0,0
"AUS","D",4.529268977835e-06,5311208.18,24.0558904444975
"AUS","P",0.000186065070334038,5311208.18,988.230323570418
"AUS","T",3.02297933712725e-05,5311208.18,160.556725833212
"AUS","TB",NA,0,0
"AUT","D",5.59907102039676e-06,1387205.92,7.76706446599483
"AUT","P",0.000211016894854268,1387205.92,292.723885761858
"AUT","T",3.31009251507352e-05,1387205.92,45.9177993265767
"AUT","TB",NA,0,0
"AZE","D",9.36866101848055e-05,2642370.37,247.55472281807
"AZE","P",0.00307480469698813,2642370.37,8124.77282485826
"AZE","T",0.000275896953139982,2642370.37,729.021934150367
"AZE","TB",0.000468663671811108,2841815.24,1331.85556498717
"BDI","D",6.28166676028501e-05,6153778.8,386.559877381066
"BDI","P",0.00547579050339491,6153778.8,33696.8035130329
"BDI","T",0.000357005407863158,6153778.8,2196.93231039366
"BDI","TB",0.00116980263556958,6256136.16,7318.44456845014
"BEL","D",6.10584019373389e-06,2380149.99,14.5328154760573
"BEL","P",0.000237762449247084,2380149.99,565.910291197824
"BEL","T",3.42260914205677e-05,2380149.99,81.4632311524033
"BEL","TB",NA,0,0
"BEN","D",5.8209451195572e-05,4979112.48,289.831404901823
"BEN","P",0.00438685193950204,4979112.48,21842.6292398868
"BEN","T",0.000325358362029975,4979112.48,1619.99588085581
"BEN","TB",0.000975293611739946,5976372.29,5828.71771581663
"BFA","D",4.58454765037862e-05,10204278.02,467.819988204012
"BFA","P",0.0029101834979685,10204278.02,29696.3215024867
"BFA","T",0.000307090784917713,10204278.02,3133.63974668036
"BFA","TB",0.000481847015608141,11470794.26,5527.16798083599
"BGD","D",0.000123996461776077,57550406,7136.04671777671
"BGD","P",0.00386518000569506,57550406,222442.678590833
"BGD","T",0.00044460770206185,57550406,25587.3537643865
"BGD","TB",0.000713529725891356,59899010.84,42739.7247858286
"BGR","D",3.51947454906987e-05,1291889.74,45.467730601345
"BGR","P",0.00110606300159477,1291889.74,1428.91144355389
"BGR","T",0.000123570430819274,1291889.74,159.6393717428
"BGR","TB",0.000117675076867301,1342250.8,157.949466065196
"BHR","D",3.88872219717011e-05,356266.42,13.8542113556033
"BHR","P",0.00122401043112386,356266.42,436.073814339154
"BHR","T",0.000135732612631537,356266.42,48.3569719794843
"BHR","TB",NA,0,0
"BHS","D",0.000177588103811155,102813.06,18.2583763724225
"BHS","P",0.00343996789678511,102813.06,353.673625770241
"BHS","T",0.000368989938691064,102813.06,37.9369847060407
"BHS","TB",NA,0,0
"BIH","D",2.00596161599431e-05,569612.12,11.4262004872515
"BIH","P",0.000613537588592484,569612.12,349.478446537853
"BIH","T",8.23173294852061e-05,569612.12,46.8889485608067
"BIH","TB",5.48328032275775e-05,631462.25,34.6248452998933
"BLR","D",1.9878148979154e-05,1995982.86,39.6764446509179
"BLR","P",0.000634863938957479,1995982.86,1267.17754059122
"BLR","T",8.22709832522799e-05,1995982.86,164.211472446898
"BLR","TB",5.7665986185894e-05,2052012.56,118.331327938241
"BLZ","D",9.34737756490189e-05,143986.58,13.4589692753895
"BLZ","P",0.0022709286283755,143986.58,326.983246623879
"BLZ","T",0.000305347498164884,143986.58,43.965941972318
"BLZ","TB",0.000316221952854639,147308.25,46.5821024865994
"BOL","D",0.000104638613533165,4089980.97,427.96993807783
"BOL","P",0.0057115519269639,4089980.97,23360.1386904492
"BOL","T",0.000385107966736809,4089980.97,1575.08425534894
"BOL","TB",0.00133181048771785,4444362.3,5919.04832235782
"BRA","D",5.70220957179331e-05,58431133.75,3331.86570159985
"BRA","P",0.0018476628399688,58431133.75,107961.034527122
"BRA","T",0.000217730416604574,58431133.75,12722.2350940651
"BRA","TB",0.000223155019974812,59357500.76,13245.9242677527
"BRB","D",6.22331813162043e-05,59489.35,3.70221150493314
"BRB","P",0.00180565914668172,59489.35,107.41748895765
"BRB","T",0.000200661974061587,59489.35,11.9372504066407
"BRB","TB",NA,0,0
"BRN","D",8.19656707829348e-05,128329.76,10.518634859813
"BRN","P",0.00206615240613161,128329.76,265.148842402292
"BRN","T",0.000209035513012193,128329.76,26.8254772163316
"BRN","TB",0.000297916989689839,129386.56,38.5464544615237
"BTN","D",7.41324170455628e-05,253324.49,18.7795567405345
"BTN","P",0.00263061564079292,253324.49,666.399365589889
"BTN","T",0.000343483444024682,253324.49,87.0127682809961
"BTN","TB",0.00037492466764777,252561.89,94.6916826687426
"BWA","D",0.000156370639979568,982695.63,153.664744568225
"BWA","P",0.00529254672400292,982695.63,5200.96253724849
"BWA","T",0.000426341152765891,982695.63,418.963587712204
"BWA","TB",0.00113156848370804,1012195.51,1145.36853846679
"CAF","D",0.000146133622942299,1340475.68,195.888567584441
"CAF","P",0.00811120557351271,1340475.68,10872.8738067742
"CAF","T",0.000517104161684471,1340475.68,693.165552764821
"CAF","TB",0.00320127052260412,2114735.2,6769.83945887332
"CAN","D",5.90457758576036e-06,6613798.65,39.0516872655221
"CAN","P",0.000234624982643167,6613798.65,1551.76239346165
"CAN","T",3.29651895843781e-05,6613798.65,218.025126370154
"CAN","TB",NA,0,0
"CHE","D",5.79515060968927e-06,1509980.97,8.7505671389147
"CHE","P",0.000220720803567558,1509980.97,333.284213070121
"CHE","T",2.83356965142122e-05,1509980.97,42.7863625081557
"CHE","TB",NA,0,0
"CHL","D",2.20978656925572e-05,4558247.52,100.727541490392
"CHL","P",0.000703214178397474,4558247.52,3205.42428470913
"CHL","T",9.28529449515282e-05,4558247.52,423.24670605
"CHL","TB",6.28400096637973e-05,4643545.9,291.800469230286
"CHN","D",1.79978473574865e-05,330487841.93,5948.06973256125
"CHN","P",0.000837751112878687,330487841.93,276866.557369733
"CHN","T",9.73412705184413e-05,330487841.93,32170.106424364
"CHN","TB",7.24310510230341e-05,329366574.89,23856.3671911396
"CIV","D",9.89620229354675e-05,10780713.7,1066.88123644011
"CIV","P",0.00638972268413833,10780713.7,68885.7708800909
"CIV","T",0.000409880041406362,10780713.7,4418.79937774613
"CIV","TB",0.00165021432194449,12249780.09,20214.7625451884
"CMR","D",9.70124346513799e-05,11065605.26,1073.50130716372
"CMR","P",0.00699615797848732,11065605.26,77416.7225265402
"CMR","T",0.000386893918218114,11065605.26,4281.21537649637
"CMR","TB",0.00195190355855526,12118294.31,23653.741787309
"COD","D",9.17830812649515e-05,31031854.98,2848.19926743153
"COD","P",0.00667223879081853,31031854.98,207051.946548611
"COD","T",0.000385503269890851,31031854.98,11962.8815655687
"COD","TB",0.00192405877025794,37643027.4,72427.3970080298
"COG","D",0.000473227421364065,2025370.9,958.461048312815
"COG","P",0.0127734487983901,2025370.9,25870.9714888993
"COG","T",0.000904616428633108,2025370.9,1832.18379021542
"COG","TB",0.00450113943969727,2328383.7,10480.3797028183
"COK","D",NA,0,0
"COK","P",NA,0,0
"COK","T",NA,0,0
"COK","TB",NA,0,0
"COL","D",3.00512195447302e-05,13881631.95,417.159969368591
"COL","P",0.00108916750322912,13881631.95,15119.4224117271
"COL","T",0.000156525560035891,13881631.95,2172.83021518587
"COL","TB",0.000101307372816013,13992095.88,1417.50247379256
"COM","D",0.000247602576144429,366770.72,90.8133751263472
"COM","P",0.00778239153242207,366770.72,2854.35334566835
"COM","T",0.000698136013339216,366770.72,256.055848270354
"COM","TB",0.00213578406958102,381950.38,815.763536974415
"CPV","D",5.75640113737882e-05,207444.61,11.9413438894711
"CPV","P",0.00187185649983856,207444.61,388.306541584975
"CPV","T",0.000240556529168376,207444.61,49.9021553762874
"CPV","TB",0.000219391274037411,214063.96,46.9637649098934
"CRI","D",2.13977068139399e-05,1307114.35,27.9692496335936
"CRI","P",0.000768910160820249,1307114.35,1005.05350506896
"CRI","T",0.000107284187403311,1307114.35,140.232700882957
"CRI","TB",6.31520512944373e-05,1233661.05,77.9082259095494
"CUB","D",1.70242111969836e-05,2442441.24,41.5806355059826
"CUB","P",0.000493248564962416,2442441.24,1204.73063663502
"CUB","T",8.6041262186809e-05,2442441.24,210.150727106715
"CUB","TB",3.89574148831748e-05,2547499.68,99.2440019485151
"CYP","D",6.23947161297288e-06,241837.51,1.50893827859705
"CYP","P",0.00024705596868848,241837.51,59.74740029826
"CYP","T",3.03173614471512e-05,241837.51,7.33187520214904
"CYP","TB",NA,0,0
"CZE","D",9.35595409116977e-06,2045843.3,19.1408159925273
"CZE","P",0.000289903891433488,2045843.3,593.097933933129
"CZE","T",4.27735941592577e-05,2045843.3,87.5080710276365
"CZE","TB",2.9289307155359e-05,1001235.76,29.3255017095693
"DEU","D",7.94965821712668e-06,13554067.22,107.75020185096
"DEU","P",0.000280710849744391,13554067.22,3804.77372681879
"DEU","T",3.71881833939919e-05,13554067.22,504.051137511854
"DEU","TB",NA,0,0
"DJI","D",0.000115032049336062,306824.66,35.2946694266406
"DJI","P",0.00598343673890299,306824.66,1835.86594304542
"DJI","T",0.000440072840268084,306824.66,135.025199590489
"DJI","TB",0.00141869049284245,325672.87,462.029004445714
"DMA","D",NA,0,0
"DMA","P",NA,0,0
"DMA","T",NA,0,0
"DMA","TB",NA,0,0
"DNK","D",7.74335282565592e-06,1153494.22,8.93191272781477
"DNK","P",0.000272245086944598,1153494.22,314.033134213991
"DNK","T",3.33193465600583e-05,1153494.22,38.4336736712041
"DNK","TB",NA,0,0
"DOM","D",8.03128006426824e-05,3383925.42,271.772527646165
"DOM","P",0.00222158407319868,3383925.42,7517.67481796416
"DOM","T",0.000278391456482181,3383925.42,942.055926300877
"DOM","TB",0.000291826080355282,3889141.23,1134.95284109902
"DZA","D",4.70563256855021e-05,14950067.34,703.495237771229
"DZA","P",0.00184842469317109,14950067.34,27634.0736358267
"DZA","T",0.000192998881714965,14950067.34,2885.34627818342
"DZA","TB",0.000202895413552597,16005143.66,3247.37024186442
"ECU","D",8.004015057748e-05,5635346.75,451.054002426312
"ECU","P",0.00242775101371279,5635346.75,13681.2187849356
"ECU","T",0.000283180933444485,5635346.75,1595.82275294834
"ECU","TB",0.000341796614397263,6045803.37,2066.43512317756
"EGY","D",0.000109729382379776,41811055.44,4587.90129007777
"EGY","P",0.00348963603743731,41811055.44,145905.365826713
"EGY","T",0.000309248997377794,41811055.44,12930.0269741274
"EGY","TB",0.000540888007740081,42002487.56,22718.641816456
"ERI","D",0.000425256654781676,1812983.15,770.983149544545
"ERI","P",0.00890245382217185,1812983.15,16139.9987732507
"ERI","T",0.000946248055343924,1812983.15,1715.5317800588
"ERI","TB",0.00254577618158545,1865723.66,4749.71485504843
"ESP","D",2.71286609176595e-06,8560253.21,23.2228206703396
"ESP","P",0.000117095175809136,8560253.21,1002.36435459567
"ESP","T",2.11004273283977e-05,8560253.21,180.625000770288
"ESP","TB",NA,0,0
"EST","D",1.92707091426233e-05,266004.84,5.12610190217004
"EST","P",0.000603642848014575,266004.84,160.571919203261
"EST","T",7.40765170934956e-05,266004.84,19.7047120772126
"EST","TB",5.79011252762018e-05,275064.99,15.9265724450872
"ETH","D",9.91492714873511e-05,32673565.62,3239.56022811716
"ETH","P",0.00494400088179466,32673565.62,161538.137236656
"ETH","T",0.000454193285191882,32673565.62,14840.1141078803
"ETH","TB",0.00105197827409692,40882104.16,43007.0853756874
"FIN","D",5.12844222179427e-06,1107056.65,5.67747606577812
"FIN","P",0.000182381355332776,1107056.65,201.906492257163
"FIN","T",3.00510338942876e-05,1107056.65,33.2681969120465
"FIN","TB",1.69968376821166e-05,381446.29,6.48338067557557
"FJI","D",0.000374155455388141,363137.05,135.869708311056
"FJI","P",0.00772063635939602,363137.05,2803.64911167381
"FJI","T",0.000674823206055168,363137.05,245.053308318416
"FJI","TB",0.0019639750282274,367883.51,722.514026936644
"FRA","D",4.84763554766277e-06,15086034.58,73.1315975032777
"FRA","P",0.000190640953035386,15086034.58,2876.016009856
"FRA","T",2.898447160866e-05,15086034.58,437.260740971273
"FRA","TB",1.53542531710942e-05,5161328.54,79.2483451023538
"FSM","D",0.000256981028310211,41714.62,10.7198659431697
"FSM","P",0.00635662879947569,41714.62,265.164354851184
"FSM","T",0.0005971108594068,41714.62,24.9082525980281
"FSM","TB",0.00139932356999249,34886.85,48.8179914877926
"GAB","D",0.000352766152526848,682862.28,240.890699221311
"GAB","P",0.0115300098587367,682862.28,7873.40882055944
"GAB","T",0.000713511180439435,682862.28,487.229871480364
"GAB","TB",0.00391690139314448,942546.58,3691.86201230556
"GBR","D",6.30433198390142e-06,14164303.85,89.296473791253
"GBR","P",0.000241102894031287,14164303.85,3415.05465017351
"GBR","T",3.3108079976159e-05,14164303.85,468.952904672417
"GBR","TB",NA,0,0
"GEO","D",5.30882427807021e-05,966125.19,51.2898886432719
"GEO","P",0.0014164847721269,966125.19,1368.50161960321
"GEO","T",0.000167772550260282,966125.19,162.089286997
"GEO","TB",0.000175691590709986,1027414.38,180.508066740514
"GHA","D",0.000144523430402617,13501217.89,1951.24232407598
"GHA","P",0.00840693846643959,13501217.89,113503.908023223
"GHA","T",0.00047736484171681,13501217.89,6445.00674104402
"GHA","TB",0.00222618624280046,14541017.73,32371.0136268435
"GIN","D",9.6130634274064e-05,3994541.49,383.997807067765
"GIN","P",0.00545611426002533,3994541.49,21794.6747858519
"GIN","T",0.000438260685591959,3994541.49,1750.65049203293
"GIN","TB",0.00142597996633182,5863613.41,8361.39525297463
"GMB","D",8.09273231592075e-05,1269408.7,102.72984808601
"GMB","P",0.00551820869642833,1269408.7,7004.86212766178
"GMB","T",0.000382251970556473,1269408.7,485.233977016531
"GMB","TB",0.00120564182070573,1305788.37,1574.31306786317
"GNB","D",0.000140764863878523,831946.58,117.108847087902
"GNB","P",0.0076721669408315,831946.58,6382.83304761383
"GNB","T",0.00052599550968389,831946.58,437.60016537687
"GNB","TB",0.00217497814112134,962734.64,2093.92679770033
"GNQ","D",0.000190941134657,309205.91,59.0401272980502
"GNQ","P",0.0101544219832544,309205.91,3139.80728985619
"GNQ","T",0.000482291572933381,309205.91,149.127404694197
"GNQ","TB",0.00361712065580577,491006.63,1776.03022351058
"GRC","D",4.16684848012265e-06,1936574.19,8.06941122024624
"GRC","P",0.000158184199850819,1936574.19,306.335438696898
"GRC","T",2.6645298809584e-05,1936574.19,51.6005979594782
"GRC","TB",NA,0,0
"GRD","D",9.09704955585554e-05,36742.65,3.34249707863456
"GRD","P",0.00196155512439411,36742.65,72.0727333913192
"GRD","T",0.000256455309490899,36742.65,9.42284767726577
"GRD","TB",NA,0,0
"GTM","D",9.45715052893789e-05,6804891.81,643.548861803066
"GTM","P",0.00271279467768645,6804891.81,18460.2742844001
"GTM","T",0.000352320144164661,6804891.81,2397.50046352412
"GTM","TB",0.000388000383223896,7378239.69,2862.75982723776
"GUY","D",0.000236122136194064,294289.78,69.4883315136811
"GUY","P",0.00625873288283425,294289.78,1841.88112316806
"GUY","T",0.000578118666837752,294289.78,170.134415277575
"GUY","TB",0.00138644558127914,302256.17,419.061731310858
"HND","D",9.1823510013333e-05,3914293.64,359.424181247666
"HND","P",0.00323839291082057,3914293.64,12676.0207746461
"HND","T",0.000386397400875394,3914293.64,1512.47288875909
"HND","TB",0.000474643706885506,3981736.04,1889.90595386521
"HRV","D",7.76647878083979e-06,784995.58,6.09665151512303
"HRV","P",0.000279584916861003,784995.58,219.472923970555
"HRV","T",4.17234117327237e-05,784995.58,32.7526937927082
"HRV","TB",1.80119447450795e-05,814042.97,14.6624969957604
"HTI","D",0.000147870642725633,3071684.12,454.211905074521
"HTI","P",0.00874154672178058,3071684.12,26851.2702495315
"HTI","T",0.000530813808457924,3071684.12,1630.49234611693
"HTI","TB",0.00283132507853577,4005944.69,11342.1316640242
"HUN","D",1.36815104384261e-05,1838727,25.1565626439159
"HUN","P",0.000434135821142692,1838727,798.257256002239
"HUN","T",5.7115638335709e-05,1838727,105.020066330103
"HUN","TB",3.47613164465955e-05,1838727,63.9165711058992
"IDN","D",0.000373627959005759,73645555.34,27516.0385315298
"IDN","P",0.00789871281357947,73645555.34,581705.091627234
"IDN","T",0.000680697914357722,73645555.34,50130.3759216542
"IDN","TB",0.0021210942882379,80342350.07,170413.699837087
"IND","D",0.000278586189605909,369676725.36,102986.830304032
"IND","P",0.00674694288728291,369676725.36,2494187.75276169
"IND","T",0.000643626334821679,369676725.36,237933.675812337
"IND","TB",0.00176377113881539,426704430.09,752608.95859741
"IRL","D",4.47193526055731e-06,1208439.35,5.40406253950996
"IRL","P",0.000180153596847743,1208439.35,217.704695474848
"IRL","T",2.67734652147273e-05,1208439.35,32.3541089013327
"IRL","TB",1.2257963580152e-05,586681.28,7.19151776339696
"IRN","D",2.83108153907005e-05,26202285.94,741.808080061687
"IRN","P",0.0011302201177178,26202285.94,29614.3506995821
"IRN","T",0.000123625064763435,26202285.94,3239.25929628254
"IRN","TB",0.000101880756958304,26209326.96,2670.22607005248
"IRQ","D",7.79045424708525e-05,14278075.9,1112.32697035361
"IRQ","P",0.00276288626732442,14278075.9,39448.6998279258
"IRQ","T",0.000288257886643899,14278075.9,4115.76798427519
"IRQ","TB",0.000392372443234625,18065961.97,7088.58563755271
"ISL","D",3.84314618522913e-06,81434.26,0.312963765665957
"ISL","P",0.000151693470542774,81434.26,12.3530455204826
"ISL","T",2.4575884592636e-05,81434.26,2.00131897564672
"ISL","TB",NA,0,0
"ISR","D",7.71912969964999e-06,2862689.61,22.0974723894304
"ISR","P",0.000275291350097141,2862689.61,788.073687645959
"ISR","T",3.87816902891304e-05,2862689.61,111.019941848931
"ISR","TB",NA,0,0
"ITA","D",2.85922952157218e-06,10070950.56,28.7951591514459
"ITA","P",0.000118867480128143,10070950.56,1197.10851556231
"ITA","T",2.09556524430498e-05,10070950.56,211.043339706498
"ITA","TB",NA,0,0
"JAM","D",6.96952604361614e-05,926996.71,64.6072771269148
"JAM","P",0.00198190854530785,926996.71,1837.22270102126
"JAM","T",0.00023671950573381,926996.71,219.438203008068
"JAM","TB",0.000247625263093817,910501.37,225.463141293531
"JOR","D",5.02134444198322e-05,3767020.4,189.155069483774
"JOR","P",0.00178912496792402,3767020.4,6739.67025231913
"JOR","T",0.000180630325032009,3767020.4,680.438119254207
"JOR","TB",0.000173498650810293,3181660.25,552.01376071174
"JPN","D",6.59741164609248e-06,20954370.26,138.244606389858
"JPN","P",0.000247064024229364,20954370.26,5177.0710416277
"JPN","T",3.3819704180243e-05,20954370.26,708.670603476482
"JPN","TB",1.14479907950095e-05,12919921.09,147.907137710569
"KAZ","D",7.53107468312192e-05,6300195.44,474.472423769042
"KAZ","P",0.002519560167084,6300195.44,15873.7214754682
"KAZ","T",0.000216582508226079,6300195.44,1364.51213070971
"KAZ","TB",0.00036316654135996,6116056.84,2221.14720934373
"KEN","D",0.000300268617012406,23265304.02,6985.84066245858
"KEN","P",0.00807689762291021,23265304.02,187911.478735421
"KEN","T",0.000721460285530545,23265304.02,16784.9928812241
"KEN","TB",0.00221612866915134,25321473.55,56115.6434793125
"KGZ","D",5.90661648985935e-05,2527115.26,149.267006664912
"KGZ","P",0.00198107912493443,2527115.26,5006.41528788924
"KGZ","T",0.00021554752381703,2527115.26,544.713436693231
"KGZ","TB",0.000240735889446442,2571298.06,619.003725506011
"KHM","D",0.00012606269708148,5723641.61,721.537698484386
"KHM","P",0.00409410930521118,5723641.61,23433.2143751949
"KHM","T",0.000455336844727419,5723641.61,2606.18491104797
"KHM","TB",0.000749099150308566,6207969.35,4650.38456522662
"KIR","D",0.00068548062368818,45742.9,31.3558716213061
"KIR","P",0.0135341742680377,45742.9,619.092380125423
"KIR","T",0.00115595412666655,45742.9,52.8766940206954
"KIR","TB",0.00492271849813633,45183.39,222.425109761508
"KNA","D",NA,0,0
"KNA","P",NA,0,0
"KNA","T",NA,0,0
"KNA","TB",NA,0,0
"KOR","D",1.04533809427668e-05,8651235.13,90.4346564393367
"KOR","P",0.000365667783856871,8651235.13,3163.47797761181
"KOR","T",4.40213244102754e-05,8651235.13,380.838828207301
"KOR","TB",2.76597069414746e-05,8449026.65,233.697601079709
"KWT","D",2.57556793575795e-05,1052019.69,27.0954818135001
"KWT","P",0.000855015808712546,1052019.69,899.493466026871
"KWT","T",9.70503556077294e-05,1052019.69,102.098885020833
"KWT","TB",6.40372437493284e-05,785221.77,50.2834378827691
"LAO","D",0.000249592985674087,2044062.31,510.183614856772
"LAO","P",0.00646895315024789,2044062.31,13222.9433195775
"LAO","T",0.000647374657055564,2044062.31,1323.27413693645
"LAO","TB",0.00170207517833851,2257217.65,3841.95413417259
"LBN","D",1.31430301105877e-05,1515128.19,19.9133754225703
"LBN","P",0.000530333393806141,1515128.19,803.523075054056
"LBN","T",7.38172569982875e-05,1515128.19,111.84260698658
"LBN","TB",NA,0,0
"LBR","D",0.000126440433308108,1753848.42,221.757354181541
"LBR","P",0.00456304946811207,1753848.42,8002.8971000302
"LBR","T",0.000494404662405813,1753848.42,867.110836001068
"LBR","TB",0.000900198362862581,2107028.4,1896.74351618496
"LBY","D",7.51053044581005e-05,2379539.03,178.716003318083
"LBY","P",0.00216623065772879,2379539.03,5154.63039804822
"LBY","T",0.000250492154156234,2379539.03,596.055857523535
"LBY","TB",0.000290816347897925,2436498.69,708.57365068388
"LCA","D",7.61501838220598e-05,42611.83,3.24489868749436
"LCA","P",0.00203412827798454,42611.83,86.6779283796701
"LCA","T",0.000247530307304124,42611.83,10.5477193746911
"LCA","TB",0.000264848558156272,44583.33,11.8078306683053
"LKA","D",4.44915655300685e-05,6899840.29,306.984696409542
"LKA","P",0.00114506681959711,6899840.29,7900.7781765983
"LKA","T",0.000159154245636311,6899840.29,1098.13887636597
"LKA","TB",0.00013513614169645,6925507.68,935.886387164331
"LSO","D",0.000230137325510045,966284.83,222.378206457129
"LSO","P",0.00979075557765531,966284.83,9460.65858892622
"LSO","T",0.000587360098601045,966284.83,567.557153025494
"LSO","TB",0.00360640389689015,1023995.51,3692.94139766202
"LTU","D",3.69529045633133e-05,573886.96,21.20679006301
"LTU","P",0.000955646768602569,573886.96,548.433218867152
"LTU","T",0.000111528274133542,573886.96,64.0046221965452
"LTU","TB",0.000113966790429968,600133.57,68.3952968021785
"LUX","D",5.91618960053383e-06,115720.79,0.68462613436356
"LUX","P",0.00023623619063046,115720.79,27.3374386063474
"LUX","T",2.95569249398946e-05,115720.79,3.42035070401531
"LUX","TB",NA,0,0
"LVA","D",3.84550034221908e-05,419794.61,16.1432031641673
"LVA","P",0.00120298852302989,419794.61,505.008097859807
"LVA","T",0.000120608370008804,419794.61,50.6307436505815
"LVA","TB",0.000132068095913384,419531.06,55.4066682707236
"MAR","D",7.41248505223517e-05,12836290.33,951.488101972759
"MAR","P",0.00237318297005842,12836290.33,30462.8656098816
"MAR","T",0.000267130178522292,12836290.33,3428.96052741688
"MAR","TB",0.000306165502700264,12785600.13,3914.50969112601
"MCO","D",NA,0,0
"MCO","P",NA,0,0
"MCO","T",NA,0,0
"MCO","TB",NA,0,0
"MDA","D",4.39834052848403e-05,802274.92,35.2867829562228
"MDA","P",0.00153653933930595,802274.92,1232.72697551853
"MDA","T",0.000159792116865573,802274.92,128.197207774958
"MDA","TB",0.000168823007718108,846537.35,142.914981572717
"MDG","D",0.00027080506401769,10442094.2,2827.77198830975
"MDG","P",0.00847135097697138,10442094.2,88458.6449027972
"MDG","T",0.000785274359443091,10442094.2,8199.90883414941
"MDG","TB",0.00232966614800512,11031117.76,25698.8216201301
"MDV","D",1.64892126872994e-05,130888.06,2.158241059568
"MDV","P",0.000635981154851967,130888.06,83.2423395551335
"MDV","T",9.8880468739088e-05,130888.06,12.9422727251499
"MDV","TB",5.07541769194132e-05,131423.24,6.6702783742825
"MEX","D",5.24114838819704e-05,42224721.9,2213.06033128253
"MEX","P",0.00157977571214104,42224721.9,66705.5901095299
"MEX","T",0.000201045569139251,42224721.9,8489.09324613209
"MEX","TB",0.000183185832714244,43763436.83,8016.84161814077
"MHL","D",NA,0,0
"MHL","P",NA,0,0
"MHL","T",NA,0,0
"MHL","TB",NA,0,0
"MKD","D",2.27392598726788e-05,445974,10.1411186824581
"MKD","P",0.000673597494943405,445974,300.40696920989
"MKD","T",8.69021900672989e-05,445974,38.7561173130735
"MKD","TB",6.08272829129988e-05,451005.2,27.4334208956336
"MLI","D",3.12471944351671e-05,8539415.12,266.832764617246
"MLI","P",0.00277272260076703,8539415.12,23677.4293005557
"MLI","T",0.000234151986448735,8539415.12,1999.52101345836
"MLI","TB",0.000512610552752704,9833549.63,5040.78131135545
"MLT","D",5.71479616636938e-06,76188.72,0.43540300497659
"MLT","P",0.000221080315010065,76188.72,16.8438262178136
"MLT","T",3.38624770241909e-05,76188.72,2.57993878050252
"MLT","TB",NA,0,0
"MMR","D",0.000178904212507155,16543286.91,2959.66371691348
"MMR","P",0.00603945519817585,16543286.91,99912.4401235139
"MMR","T",0.000562324935162911,16543286.91,9302.70273904718
"MMR","TB",0.00143334764316039,17191121.44,24640.853399308
"MNE","D",1.3421865176857e-05,97201.11,1.30462019346085
"MNE","P",0.000389563296294865,97201.11,37.8659848151198
"MNE","T",5.23358028866167e-05,97201.11,5.08709813332034
"MNE","TB",2.93732380297474e-05,99489.31,2.92232318404533
"MNG","D",0.000135568389780795,1213297.48,164.484785688697
"MNG","P",0.00391535085331209,1213297.48,4750.48532363941
"MNG","T",0.00035401507783639,1213297.48,429.525601820896
"MNG","TB",0.000662372536987032,1223782.36,810.599826513177
"MOZ","D",0.000139698459857728,14289425.92,1996.21079327509
"MOZ","P",0.00487255115654089,14289425.92,69625.9587928014
"MOZ","T",0.000556894071408387,14289425.92,7957.69657867733
"MOZ","TB",0.00105225796513072,16021110.88,16858.3415337224
"MRT","D",0.000125063296793439,1748178.44,218.632959089611
"MRT","P",0.00487344602544481,1748178.44,8519.6532701863
"MRT","T",0.000442968382328016,1748178.44,774.387775587515
"MRT","TB",0.00112919065861942,2102893.03,2374.56716555188
"MUS","D",4.64973447575432e-05,301151.28,14.0027348903354
"MUS","P",0.00139777629186651,301151.28,420.942119449252
"MUS","T",0.000163883195710249,301151.28,49.3536341586321
"MUS","TB",0.000154383914449466,302281.92,46.6674660769005
"MWI","D",0.000188080103382221,9449070.13,1777.18208691626
"MWI","P",0.00573411499904361,9449070.13,54182.054759448
"MWI","T",0.000613144999074222,9449070.13,5793.65009611111
"MWI","TB",0.00131622222352488,9876341.31,12999.4599193388
"MYS","D",7.3682403354102e-05,9711869.16,715.593860769384
"MYS","P",0.00160701530625603,9711869.16,15607.1223924759
"MYS","T",0.000196707592872166,9711869.16,1910.39840475303
"MYS","TB",0.000233777178378349,9914320.09,2317.74177617998
"NAM","D",0.000251373098101938,1015266.68,255.210730751269
"NAM","P",0.00846550687415839,1015266.68,8594.74705864397
"NAM","T",0.00060680704160079,1015266.68,616.070970526656
"NAM","TB",0.00237654395191587,1076544.17,2558.45453618379
"NER","D",4.39287002529914e-05,9961290.1,437.586526935991
"NER","P",0.00214206879851539,9961290.1,21337.7687161703
"NER","T",0.000313740307086503,9961290.1,3125.25821495174
"NER","TB",0.000312134348902101,11034987.92,3444.39876955175
"NGA","D",2.56675081380777e-05,52424439.85,1345.60473648404
"NGA","P",0.00595882948762839,52424439.85,312388.298050581
"NGA","T",0.00013590008980377,52424439.85,7124.48608352736
"NGA","TB",0.00178899636023796,65472096.31,117129.341995739
"NIC","D",3.04506162442408e-05,2486435.37,75.713489267977
"NIC","P",0.00123376218712341,2486435.37,3067.66994023221
"NIC","T",0.000179081375764665,2486435.37,445.274266809525
"NIC","TB",0.000114665958217518,2573497.77,295.092587767696
"NIU","D",NA,0,0
"NIU","P",NA,0,0
"NIU","T",NA,0,0
"NIU","TB",NA,0,0
"NLD","D",4.8206405260261e-06,3552851.47,17.1270197792334
"NLD","P",0.000199988392904266,3552851.47,710.529055712859
"NLD","T",2.67540758918695e-05,3552851.47,95.0532578609202
"NLD","TB",NA,0,0
"NOR","D",5.26981676806643e-06,1107396.42,5.83577622301273
"NOR","P",0.000195338787375152,1107396.42,216.317473826385
"NOR","T",2.85904653397619e-05,1107396.42,31.6609789633864
"NOR","TB",NA,0,0
"NPL","D",0.000116397765081088,10237561.24,1191.62924821677
"NPL","P",0.00316506747565046,10237561.24,32402.5721107038
"NPL","T",0.000432934344061958,10237561.24,4432.19186023352
"NPL","TB",0.000521298873019248,11133619.11,5803.94309466856
"NRU","D",NA,0,0
"NRU","P",NA,0,0
"NRU","T",NA,0,0
"NRU","TB",NA,0,0
"NZL","D",7.33665512040324e-06,1089046.81,7.98996085494531
"NZL","P",0.000297291381759556,1089046.81,323.764230945736
"NZL","T",4.14283931808692e-05,1089046.81,45.1174594370514
"NZL","TB",NA,0,0
"OMN","D",2.85855202717768e-05,1357688.75,38.8102392858884
"OMN","P",0.00092344761963259,1357688.75,1253.75444438945
"OMN","T",0.000110893357095998,1357688.75,150.558663378969
"OMN","TB",8.63392936787313e-05,1357715.68,117.224212827738
"PAK","D",0.000205454915864148,64999716.3,13354.51124361
"PAK","P",0.00556296513251623,64999716.3,361591.155400347
"PAK","T",0.000617153016384999,64999716.3,40114.7709787142
"PAK","TB",0.00132632177297124,81646454.09,108289.469745464
"PAN","D",4.35046857792863e-05,1316207,57.261171955497
"PAN","P",0.00179496211975633,1316207,2362.54170675812
"PAN","T",0.000189150365934257,1316207,248.96103569523
"PAN","TB",0.000190781067491944,1471921.2,280.814697800024
"PER","D",6.57834575150613e-05,10553717.5,694.260026787209
"PER","P",0.00237596263569167,10553717.5,25075.2384476453
"PER","T",0.000244506519153557,10553717.5,2580.45273005498
"PER","TB",0.000314295795124293,10770316.97,3385.06533582682
"PHL","D",0.000234172429059193,36652649.08,8583.03986651781
"PHL","P",0.00582935269315929,36652649.08,213661.218625921
"PHL","T",0.000563090963671129,36652649.08,20638.7754915569
"PHL","TB",0.00126810636412982,39441567.18,50016.102352212
"PLW","D",NA,0,0
"PLW","P",NA,0,0
"PLW","T",NA,0,0
"PLW","TB",NA,0,0
"PNG","D",0.000227751514446499,2274752.57,518.078342808566
"PNG","P",0.00597610568732746,2274752.57,13594.1617708398
"PNG","T",0.000730557489728285,2274752.57,1661.83752729216
"PNG","TB",0.00145197550160224,3297322.1,4787.63091009165
"POL","D",1.80260448646709e-05,7375002.14,132.942119452684
"POL","P",0.000500792124272482,7375002.14,3693.3429882047
"POL","T",6.71941169352042e-05,7375002.14,495.556756192541
"POL","TB",4.52781530586272e-05,7019042.96,317.809301467959
"PRK","D",8.18940109720793e-05,6069568.78,497.06133226511
"PRK","P",0.00270027434123486,6069568.78,16389.5008389942
"PRK","T",0.000327306235602521,6069568.78,1986.60770911239
"PRK","TB",0.000379402165495338,6715557.67,2547.89712250682
"PRT","D",4.31421920505563e-06,1892156.8,8.1631792055366
"PRT","P",0.000167005065136834,1892156.8,315.999769633103
"PRT","T",2.88963621035256e-05,1892156.8,54.6764480494483
"PRT","TB",9.92012760339657e-06,1438590.06,14.2709969641779
"PRY","D",8.64036270951839e-05,2496750.26,215.728278414843
"PRY","P",0.00261472688202272,2496750.26,6528.32002251923
"PRY","T",0.000294376503711985,2496750.26,734.984612180788
"PRY","TB",0.000373847817407672,2550026.25,953.32174789477
"QAT","D",2.77852642820611e-05,360861.12,10.0266215883206
"QAT","P",0.000864307141586849,360861.12,311.894843137029
"QAT","T",0.000105285249521737,360861.12,37.9933530618933
"QAT","TB",8.172625040223e-05,369200.04,30.1733349175533
"ROU","D",2.57005923413748e-05,3966884.88,101.951291166043
"ROU","P",0.000942781250812209,3966884.88,3739.90468899444
"ROU","T",0.00010361821196623,3966884.88,411.041518341473
"ROU","TB",9.11909152589661e-05,4145023.97,377.988529594653
"RUS","D",4.88615363128704e-05,32824040.84,1603.8330634388
"RUS","P",0.00159899976653301,32824040.84,52485.63363983
"RUS","T",0.00015160811430611,32824040.84,4976.39093565913
"RUS","TB",0.000205764431217957,32474823.12,6682.16350819057
"RWA","D",0.000196601400092504,6263296.94,1231.3729475991
"RWA","P",0.00574266104133971,6263296.94,35967.9913276802
"RWA","T",0.000592303209578042,6263296.94,3709.77088010233
"RWA","TB",0.00128664493911229,6158693.06,7924.05125719498
"SAU","D",5.73384225442446e-05,11312775.25,648.656687432573
"SAU","P",0.00161128653363988,11312775.25,18228.1224184196
"SAU","T",0.000187538115636988,11312775.25,2121.57655300976
"SAU","TB",0.000225970468264453,11054480.14,2497.98605365589
"SDN","D",5.31970797110267e-05,19352597.57,1029.50167554671
"SDN","P",0.00412499132791981,19352597.57,79829.297148972
"SDN","T",0.000284173188491674,19352597.57,5499.48935706312
"SDN","TB",0.000739592573754397,19139290.76,14155.2773130222
"SEN","D",0.000173079236695982,7610086.81,1317.14801626496
"SEN","P",0.00539834973775329,7610086.81,41081.9101350433
"SEN","T",0.000587428797685739,7610086.81,4470.3841450824
"SEN","TB",0.00110713651060737,8376696.28,9274.14628985696
"SGP","D",8.04069488991091e-06,763915.64,6.14241258287102
"SGP","P",0.00024021985145085,763915.64,183.507701561781
"SGP","T",3.67708188295801e-05,763915.64,28.0898035995228
"SGP","TB",1.81566780595981e-05,783576.59,14.2271478796677
"SLB","D",0.000146434057966652,300461.28,43.9977644922545
"SLB","P",0.00318533237119834,300461.28,957.069041475687
"SLB","T",0.000472622539082278,300461.28,142.004773049511
"SLB","TB",0.000490092354124196,303961.67,148.969290413822
"SLE","D",3.76391686024336e-05,3306241.86,124.444194808964
"SLE","P",0.00451323120267226,3306241.86,14921.8339261332
"SLE","T",0.000225699938925424,3306241.86,746.218585874681
"SLE","TB",0.00101339686776997,3778955.44,3829.58160633827
"SLV","D",3.86714710317526e-05,2241910.83,86.6979897181175
"SLV","P",0.00134050739947932,2241910.83,3005.29805658782
"SLV","T",0.000190138149419886,2241910.83,426.2727763806
"SLV","TB",0.000139976629248588,2256774.31,315.895660888608
"SMR","D",NA,0,0
"SMR","P",NA,0,0
"SMR","T",NA,0,0
"SMR","TB",NA,0,0
"SOM","D",2.40904903244388e-05,3755310.34,90.4672674110349
"SOM","P",0.00284810907505686,3755310.34,10695.5334590089
"SOM","T",0.000230988870079325,3755310.34,867.434892233805
"SOM","TB",0.000613808855830829,4151222.12,2548.05689977683
"SRB","D",2.0477188210598e-05,1804058.27,36.9420407376759
"SRB","P",0.000604880150956173,1804058.27,1091.23903869133
"SRB","T",7.8232590382127e-05,1804058.27,141.136151662399
"SRB","TB",5.54001400762334e-05,1851090.36,102.550665237765
"SSD","D",0.000116251022253838,1651170.61,191.950271327993
"SSD","P",0.008568911507768,1651170.61,14148.7348413173
"SSD","T",0.00041901333390099,1651170.61,691.862502135432
"SSD","TB",0.00243065328922599,1839924.04,4472.21741975198
"STP","D",0.000170101623431853,113302.82,19.272993621407
"STP","P",0.00450370039334217,113302.82,510.281955000777
"STP","T",0.000510966528629738,113302.82,57.8939486193601
"STP","TB",0.000834931544534434,114388.62,95.5066671737625
"SUR","D",0.000186003173073815,166534.52,30.9759491463247
"SUR","P",0.00377405713781061,166534.52,628.510793897863
"SUR","T",0.000426091228971897,166534.52,70.958898293045
"SUR","TB",NA,0,0
"SVK","D",1.85534058414781e-05,1080475.24,20.0464956293884
"SVK","P",0.000611363138306725,1080475.24,660.562733589112
"SVK","T",7.34102071890459e-05,1080475.24,79.3179112310341
"SVK","TB",6.63695009043815e-05,690471.31,45.8262362334945
"SVN","D",7.05115123532761e-06,380209.35,2.68091362793561
"SVN","P",0.000229882989959815,380209.35,87.4036621886779
"SVN","T",3.31833971311717e-05,380209.35,12.6166378540347
"SVN","TB",3.29211242341191e-05,86184.14,2.83727877995072
"SWE","D",4.25656638261017e-06,2113092.66,8.99451917989629
"SWE","P",0.000159005279315637,2113092.66,335.992888623123
"SWE","T",2.52955149560775e-05,2113092.66,53.4517669846076
"SWE","TB",8.33416292844433e-06,481792.08,4.01533369235408
"SWZ","D",0.000345888592288145,532249.9,184.099168656506
"SWZ","P",0.0104038713171887,532249.9,5537.45946818655
"SWZ","T",0.000727392182053846,532249.9,387.154416158941
"SWZ","TB",0.00372856533255629,570230.87,2126.14305343541
"SYC","D",9.96612771846987e-05,31824.18,3.17163842415574
"SYC","P",0.00244224004378181,31824.18,77.7222867565201
"SYC","T",0.000259238191754777,31824.18,8.25004287727855
"SYC","TB",0.000359638420066042,31910.89,11.4763820625013
"SYR","D",3.25376694241671e-05,6929750.82,225.477941373011
"SYR","P",0.00110135878574705,6929750.82,7632.14194864481
"SYR","T",0.00014537410563176,6929750.82,1007.40632770846
"SYR","TB",0.00010662406072186,8849114.89,943.528563366078
"TCD","D",1.7311341617704e-05,3432037.81,59.4131789737869
"TCD","P",0.00337017504057558,3432037.81,11566.5681655737
"TCD","T",0.000149556607567363,3432037.81,513.283931906522
"TCD","TB",0.000778788332460827,5287596.57,4117.91851547589
"TGO","D",6.83131371940992e-05,3433287.31,234.53862703479
"TGO","P",0.00577933802643732,3433287.31,19842.1279063677
"TGO","T",0.000337629934111701,3433287.31,1159.18056826184
"TGO","TB",0.00135813492414985,4007052.27,5442.11763078094
"THA","D",4.47467760462566e-05,15658262.62,700.65677073061
"THA","P",0.00132823803560672,15658262.62,20797.8999834029
"THA","T",0.000184904284360066,15658262.62,2895.27984407307
"THA","TB",0.000157610199670404,15797813.13,2489.89648177503
"TJK","D",8.67729098119941e-05,4078251.33,353.881734848735
"TJK","P",0.00257793822499966,4078251.33,10513.4799947627
"TJK","T",0.000260099889803032,4078251.33,1060.75272152207
"TJK","TB",0.0003745385116916,4259581.46,1595.37730045753
"TKM","D",8.91873295903287e-05,2323611.67,207.236719852224
"TKM","P",0.00329481121943489,2323611.67,7655.86179992585
"TKM","T",0.000289697246234619,2323611.67,673.143902117624
"TKM","TB",0.000532972520680485,2361701.55,1258.72202819851
"TLS","D",0.000211134211501541,432104.54,91.2320513391362
"TLS","P",0.00538626490325795,432104.54,2327.42951834042
"TLS","T",0.000562112400324929,432104.54,242.891320170699
"TLS","TB",0.00113829724164974,488642.71,556.220648945251
"TON","D",0.000197651055004134,52171.13,10.3116788852578
"TON","P",0.00385230715733823,52171.13,200.979217505423
"TON","T",0.000434052477557396,52171.13,22.645008233469
"TON","TB",0.000725640733096497,52121.93,37.8217954956043
"TTO","D",0.000158193811735857,349742.08,55.3270327596271
"TTO","P",0.00435991418820932,349742.08,1524.84545680584
"TTO","T",0.00037077877685521,349742.08,129.676940637197
"TTO","TB",NA,0,0
"TUN","D",1.99658341027121e-05,3541511.09,70.7092228958549
"TUN","P",0.00066977336733188,3541511.09,2372.0098081925
"TUN","T",9.13276446423566e-05,3541511.09,323.437866324485
"TUN","TB",5.73815552998457e-05,3527231.6,202.398035110763
"TUR","D",4.40861582010068e-05,24321027.6,1072.22067038465
"TUR","P",0.00215470459591378,24321027.6,52404.629947066
"TUR","T",0.000198144991378591,24321027.6,4819.08980412048
"TUR","TB",0.000258853329971375,24688851.56,6390.79143947499
"TUV","D",NA,0,0
"TUV","P",NA,0,0
"TUV","T",NA,0,0
"TUV","TB",NA,0,0
"TZA","D",0.000156010232773093,29518059.13,4605.11927588124
"TZA","P",0.00599204285455968,29518059.13,176873.475290387
"TZA","T",0.000558439543260358,29518059.13,16484.0514584894
"TZA","TB",0.00130945571295231,30613287.56,40086.7442876939
"UGA","D",0.000145746734379644,20369604.4,2968.80332190522
"UGA","P",0.00530860043362823,20369604.4,108134.090750675
"UGA","T",0.000526541797990563,20369604.4,10725.4481251325
"UGA","TB",0.00112419195492731,23480946.42,26397.0910594433
"UKR","D",3.44414103666798e-05,6480046.29,223.181933468971
"UKR","P",0.00117615108452598,6480046.29,7621.51347176206
"UKR","T",0.000141220134829608,6480046.29,915.113010775902
"UKR","TB",0.000118239131413712,7867038.14,930.191756472142
"URY","D",2.97926088615357e-05,917623.95,27.3384114243274
"URY","P",0.000987083613860315,917623.95,905.771564730777
"URY","T",0.00012835803620507,917623.95,117.784408196739
"URY","TB",9.2125454418975e-05,964179.79,88.8255012953419
"USA","D",1.2793221797661e-05,76677561.71,980.953053859865
"USA","P",0.000467209240112116,76677561.71,35824.465340179
"USA","T",6.16476430918406e-05,76677561.71,4726.99095745066
"USA","TB",NA,0,0
"UZB","D",6.57875297718098e-05,11977588.69,787.975972537868
"UZB","P",0.00238854898406654,11977588.69,28609.0572970664
"UZB","T",0.000234756516368869,11977588.69,2811.81699536357
"UZB","TB",0.000303680054826306,11976052.82,3636.88837698033
"VCT","D",9.78476723895531e-05,36508.77,3.57229816630554
"VCT","P",0.00213497610664197,36508.77,77.945351632887
"VCT","T",0.00029714054503379,36508.77,10.8482358163133
"VCT","TB",0.000324613338655205,35269.95,11.4490962237021
"VEN","D",3.16486556751163e-05,8327274.52,263.547043995649
"VEN","P",0.00118121259975671,8327274.52,9836.28158465697
"VEN","T",0.000160208269324723,8327274.52,1334.09823904106
"VEN","TB",0.000107823408438332,10421078.69,1123.63622395986
"VNM","D",5.74506179931178e-05,26658254,1531.5331669175
"VNM","P",0.00211813028168524,26658254,56465.6550542566
"VNM","T",0.000243962127673973,26658254,6503.60436591321
"VNM","TB",0.000246637125731098,28077636.3,6924.98751435514
"VUT","D",0.000396735707764564,108778.12,43.1561644274987
"VUT","P",0.00633088378268033,108778.12,688.661635818455
"VUT","T",0.000761965441155693,108778.12,82.8851681938869
"VUT","TB",0.00147790352283042,123809.92,182.979116929352
"WSM","D",0.000155273071874914,79260.36,12.3069995751116
"WSM","P",0.00343734539663822,79260.36,272.445233581888
"WSM","T",0.000345538127789861,79260.36,27.3874764023504
"WSM","TB",0.000619092459024167,96138.83,59.5188246724063
"YEM","D",8.51115734916172e-05,10731247.56,913.353365359677
"YEM","P",0.00299185594483228,10731247.56,32106.3468078528
"YEM","T",0.000408935853457718,10731247.56,4388.39187961466
"YEM","TB",0.000450791078194224,9867866.58,4448.34621507495
"ZAF","D",0.000306913908205012,17093968.02,5246.37653174969
"ZAF","P",0.00941198186806954,17093968.02,160888.117057601
"ZAF","T",0.000637028043128199,17093968.02,10889.3369970766
"ZAF","TB",0.00300939286457587,18230953.26,54864.1006550602
"ZMB","D",0.000229791521850897,8844003.81,2032.27709475503
"ZMB","P",0.00785936309033345,8844003.81,69508.2371150824
"ZMB","T",0.000623937861537904,8844003.81,5518.10882464448
"ZMB","TB",0.0022544675630512,9732921.1,21942.5549136866
"ZWE","D",0.000311544217371677,6794949.48,2116.92721782668
"ZWE","P",0.00935903958310588,6794949.48,63594.2011485247
"ZWE","T",0.000744604247550998,6794949.48,5059.54824470244
"ZWE","TB",0.00296507691662624,7469543.06,22147.7697049517
