"region","disease","year","total","incremental"
"AFRO","D",2021,219858.267545818,6178.09605974185
"AFRO","D",2022,229845.006077646,16164.8345915702
"AFRO","D",2023,239647.804334942,25967.6328488659
"AFRO","D",2024,249122.840270635,35442.6687845588
"AFRO","D",2025,258146.689430452,44466.5179443762
"AFRO","D",2026,266545.577483923,52865.4059978467
"AFRO","D",2027,274522.154710126,60841.9832240502
"AFRO","D",2028,282130.617671682,68450.4461856063
"AFRO","D",2029,289461.689067001,75781.5175809247
"AFRO","D",2030,296591.208870073,82911.0373839968
"AFRO","HPV",2021,151438.554329402,132694.396090805
"AFRO","HPV",2022,191632.802351931,172888.644113334
"AFRO","HPV",2023,217388.471562294,198644.313323697
"AFRO","HPV",2024,229592.421649862,210848.263411266
"AFRO","HPV",2025,247151.015636431,228406.857397834
"AFRO","HPV",2026,264105.499979691,245361.341741094
"AFRO","HPV",2027,282996.335212773,264252.176974177
"AFRO","HPV",2028,302616.587901641,283872.429663045
"AFRO","HPV",2029,322982.189702823,304238.031464226
"AFRO","HPV",2030,343860.76166483,325116.603426233
"AFRO","HepB",2021,303310.631645876,8510.97196657753
"AFRO","HepB",2022,316496.042895931,21696.3832166319
"AFRO","HepB",2023,330437.582365111,35637.9226858122
"AFRO","HepB",2024,343852.926108492,49053.266429193
"AFRO","HepB",2025,359157.773093494,64358.113414195
"AFRO","HepB",2026,377159.110662957,82359.4509836585
"AFRO","HepB",2027,408986.431397539,114186.77171824
"AFRO","HepB",2028,433419.780167744,138620.120488445
"AFRO","HepB",2029,452966.699139212,158167.039459913
"AFRO","HepB",2030,469252.932910768,174453.273231469
"AFRO","Hib",2021,99472.1844003346,3267.66854503079
"AFRO","Hib",2022,103955.903291374,7751.38743606968
"AFRO","Hib",2023,108351.572798452,12147.0569431478
"AFRO","Hib",2024,112628.955883947,16424.4400286429
"AFRO","Hib",2025,116757.89483518,20553.3789798766
"AFRO","Hib",2026,120665.610463904,24461.0946085998
"AFRO","Hib",2027,124437.895537703,28233.3796823988
"AFRO","Hib",2028,128081.806400061,31877.2905447571
"AFRO","Hib",2029,131611.665737223,35407.149881919
"AFRO","Hib",2030,135040.816321347,38836.3004660433
"AFRO","Measles",2021,781330.214533955,23848.1292236309
"AFRO","Measles",2022,820760.696093336,63278.6107830124
"AFRO","Measles",2023,858948.903389801,101466.818079477
"AFRO","Measles",2024,898163.512813835,140681.427503511
"AFRO","Measles",2025,936497.335057241,179015.249746917
"AFRO","Measles",2026,982606.086565979,225124.001255656
"AFRO","Measles",2027,1034481.29275183,276999.207441506
"AFRO","Measles",2028,1078372.89892646,320890.813616136
"AFRO","Measles",2029,1116924.47977524,359442.394464917
"AFRO","Measles",2030,1151487.23443964,394005.149129321
"AFRO","MenA",2021,4467.85366309453,203.138864944666
"AFRO","MenA",2022,4612.53389306929,347.81909491942
"AFRO","MenA",2023,4774.41255553268,509.697757382818
"AFRO","MenA",2024,4928.81200079355,664.09720264369
"AFRO","MenA",2025,5298.13008013905,1033.41528198919
"AFRO","MenA",2026,5637.35524066374,1372.64044251387
"AFRO","MenA",2027,12228.9128049078,7964.19800675791
"AFRO","MenA",2028,16576.1564544981,12311.4416563482
"AFRO","MenA",2029,19483.2315083567,15218.5167102069
"AFRO","MenA",2030,21466.2015750909,17201.486776941
"AFRO","P",2021,110341.315755081,3068.83705220868
"AFRO","P",2022,115216.284488704,7943.80578583127
"AFRO","P",2023,120013.264463501,12740.7857606282
"AFRO","P",2024,124648.730087566,17376.2513846932
"AFRO","P",2025,129052.547419314,21780.0687164408
"AFRO","P",2026,133133.726233204,25861.2475303315
"AFRO","P",2027,136996.425143111,29723.946440238
"AFRO","P",2028,140672.350707122,33399.8720042493
"AFRO","P",2029,144214.543856071,36942.065153198
"AFRO","P",2030,147666.836964779,40394.3582619068
"AFRO","PCV",2021,91147.6617953708,2991.66886969932
"AFRO","PCV",2022,94824.928594489,6668.93566881752
"AFRO","PCV",2023,98462.9010617949,10306.9081361234
"AFRO","PCV",2024,102030.083500281,13874.0905746096
"AFRO","PCV",2025,105485.871243652,17329.8783179807
"AFRO","PCV",2026,108803.009560519,20647.0166348477
"AFRO","PCV",2027,114577.422093347,26421.4291676759
"AFRO","PCV",2028,119435.677937626,31279.6850119541
"AFRO","PCV",2029,123659.518014418,35503.5250887467
"AFRO","PCV",2030,127441.553365734,39285.5604400626
"AFRO","Rota",2021,17748.1593422579,605.27280463721
"AFRO","Rota",2022,18497.3131936097,1354.42665598902
"AFRO","Rota",2023,19212.7114526171,2069.8249149964
"AFRO","Rota",2024,19891.6070893394,2748.72055171874
"AFRO","Rota",2025,20530.9685115306,3388.08197390991
"AFRO","Rota",2026,21190.13544173,4047.24890410938
"AFRO","Rota",2027,33164.2664003143,16021.3798626936
"AFRO","Rota",2028,41488.0355469669,24345.1490093462
"AFRO","Rota",2029,47374.4822250145,30231.5956873938
"AFRO","Rota",2030,51634.4315983302,34491.5450607096
"AFRO","Rubella",2021,4617.86695849535,147.774886193423
"AFRO","Rubella",2022,4801.72090621879,331.628833916867
"AFRO","Rubella",2023,5012.06950004337,541.977427741438
"AFRO","Rubella",2024,5372.65412775317,902.562055451243
"AFRO","Rubella",2025,5957.20833742623,1487.1162651243
"AFRO","Rubella",2026,6791.89728605684,2321.80521375492
"AFRO","Rubella",2027,9192.21901286875,4722.12694056682
"AFRO","Rubella",2028,10881.2062021899,6411.11412988802
"AFRO","Rubella",2029,12092.4213917156,7622.32931941369
"AFRO","Rubella",2030,12983.2848582081,8513.19278590621
"AFRO","T",2021,257171.281299735,7221.30522005432
"AFRO","T",2022,268901.358253334,18951.3821736526
"AFRO","T",2023,280409.181635658,30459.2055559773
"AFRO","T",2024,291533.204516225,41583.2284365439
"AFRO","T",2025,302133.882224609,52183.9061449278
"AFRO","T",2026,312010.767701567,62060.7916218862
"AFRO","T",2027,321398.736316366,71448.7602366846
"AFRO","T",2028,330358.549339104,80408.5732594232
"AFRO","T",2029,338991.907838369,89041.9317586878
"AFRO","T",2030,347384.121426737,97434.1453470554
"AFRO","TB",2021,80602.6337811164,2193.43622746856
"AFRO","TB",2022,82989.329016354,4580.13146270612
"AFRO","TB",2023,85398.4538805581,6989.25632691025
"AFRO","TB",2024,87757.3976727126,9348.20011906472
"AFRO","TB",2025,90008.6610142357,11599.4634605879
"AFRO","TB",2026,92086.0577151891,13676.8601615413
"AFRO","TB",2027,94061.9050868338,15652.707533186
"AFRO","TB",2028,95957.8523075836,17548.6547539358
"AFRO","TB",2029,97810.8381178417,19401.6405641938
"AFRO","TB",2030,99650.0082908764,21240.8107372285
"AFRO","YF",2021,138726.389801132,4406.4841567143
"AFRO","YF",2022,144495.781897267,10175.8762528496
"AFRO","YF",2023,150109.171461118,15789.2658167003
"AFRO","YF",2024,156549.6658536,22229.7602091826
"AFRO","YF",2025,162438.879928107,28118.9742836899
"AFRO","YF",2026,168649.879289265,34329.9736448479
"AFRO","YF",2027,174279.571820196,39959.666175779
"AFRO","YF",2028,179470.97761984,45151.0719754231
"AFRO","YF",2029,184324.97851065,50005.0728662328
"AFRO","YF",2030,188911.139473903,54591.233829486
"EMRO","D",2021,76137.2794186001,-148.310500373393
"EMRO","D",2022,77836.7300848401,1551.14016586656
"EMRO","D",2023,79473.5382048448,3187.94828587131
"EMRO","D",2024,81031.3160199166,4745.72610094314
"EMRO","D",2025,82506.4739430825,6220.88402410893
"EMRO","D",2026,83967.1026371444,7681.51271817095
"EMRO","D",2027,85392.1264206911,9106.5365017176
"EMRO","D",2028,86774.6237478556,10489.033828882
"EMRO","D",2029,88089.6742598914,11804.0843409179
"EMRO","D",2030,89314.735964376,13029.1460454025
"EMRO","HPV",2021,2356.31686663949,2320.2930176459
"EMRO","HPV",2022,13294.2599266633,13258.2360776697
"EMRO","HPV",2023,13169.7832301521,13133.7593811585
"EMRO","HPV",2024,18270.871590036,18234.8477410424
"EMRO","HPV",2025,21495.6310336267,21459.6071846331
"EMRO","HPV",2026,21760.8356448807,21724.8117958871
"EMRO","HPV",2027,22718.3673695354,22682.3435205418
"EMRO","HPV",2028,23613.7725170539,23577.7486680603
"EMRO","HPV",2029,24430.9814254635,24394.9575764699
"EMRO","HPV",2030,25213.2003265283,25177.1764775347
"EMRO","HepB",2021,76095.5284051599,-415.452850164817
"EMRO","HepB",2022,78043.0648843732,1532.08362904851
"EMRO","HepB",2023,79923.966871817,3412.98561649234
"EMRO","HepB",2024,82258.8801784466,5747.89892312186
"EMRO","HepB",2025,84220.5386713473,7709.55741602264
"EMRO","HepB",2026,85931.2789979766,9420.29774265186
"EMRO","HepB",2027,90212.1891105055,13701.2078551809
"EMRO","HepB",2028,93258.2217526351,16747.2404973104
"EMRO","HepB",2029,95536.9031264955,19025.9218711708
"EMRO","HepB",2030,97329.9179769669,20818.9367216422
"EMRO","Hib",2021,29893.3934641317,227.990370713779
"EMRO","Hib",2022,30790.5375595148,1125.13446609685
"EMRO","Hib",2023,31621.0752190296,1955.67212561169
"EMRO","Hib",2024,32415.943699991,2750.54060657308
"EMRO","Hib",2025,33201.4417206569,3536.03862723894
"EMRO","Hib",2026,34005.7109320608,4340.30783864286
"EMRO","Hib",2027,34815.589282762,5150.18618934412
"EMRO","Hib",2028,35614.537706497,5949.13461307913
"EMRO","Hib",2029,36373.1556402675,6707.75254684954
"EMRO","Hib",2030,37068.2814111278,7402.87831770984
"EMRO","Measles",2021,271319.53967233,998.806242689322
"EMRO","Measles",2022,278180.227180571,7859.49375093031
"EMRO","Measles",2023,284266.555226357,13945.821796716
"EMRO","Measles",2024,290068.167740121,19747.4343104796
"EMRO","Measles",2025,295856.843421612,25536.1099919709
"EMRO","Measles",2026,301915.511097986,31594.7776683446
"EMRO","Measles",2027,309599.208030639,39278.4746009976
"EMRO","Measles",2028,317181.482489599,46860.7490599586
"EMRO","Measles",2029,323896.234751814,53575.5013221732
"EMRO","Measles",2030,329817.295398049,59496.5619684078
"EMRO","MenA",2021,1561.58852560096,45.2837839284359
"EMRO","MenA",2022,1604.78038429694,88.4756426244182
"EMRO","MenA",2023,1647.02518728898,130.720445616455
"EMRO","MenA",2024,1688.83454341176,172.529801739244
"EMRO","MenA",2025,1730.54539047953,214.24064880701
"EMRO","MenA",2026,1772.56462265279,256.25988098027
"EMRO","MenA",2027,1844.13882411195,327.834082439426
"EMRO","MenA",2028,1906.52181992847,390.217078255954
"EMRO","MenA",2029,1961.03548403166,444.73074235914
"EMRO","MenA",2030,2008.68434117136,492.379599498836
"EMRO","P",2021,38657.0213355235,-63.229064653765
"EMRO","P",2022,39529.9659802636,809.715580086264
"EMRO","P",2023,40359.5561231904,1639.30572301314
"EMRO","P",2024,41146.8119945261,2426.5615943488
"EMRO","P",2025,41897.4314181925,3177.18101801522
"EMRO","P",2026,42649.5564986548,3929.30609847755
"EMRO","P",2027,43389.8748834252,4669.62448324791
"EMRO","P",2028,44111.9199840199,5391.66958384262
"EMRO","P",2029,44797.9174096079,6077.66700943058
"EMRO","P",2030,45432.3368859332,6712.08648575589
"EMRO","PCV",2021,23094.2335962639,197.525361418219
"EMRO","PCV",2022,23545.5034723127,648.79523746702
"EMRO","PCV",2023,24339.9674799825,1443.25924513683
"EMRO","PCV",2024,24894.0026095133,1997.29437466767
"EMRO","PCV",2025,26142.7468925354,3246.03865768976
"EMRO","PCV",2026,27105.6913457105,4208.98311086484
"EMRO","PCV",2027,30111.9845156869,7215.27628084129
"EMRO","PCV",2028,32359.9124214594,9463.20418661375
"EMRO","PCV",2029,34061.2612141071,11164.5529792614
"EMRO","PCV",2030,35356.6000571813,12459.8918223356
"EMRO","Rota",2021,5626.92146403345,53.4444858572459
"EMRO","Rota",2022,5861.85503831298,288.37806013678
"EMRO","Rota",2023,6158.95245702019,585.475478843994
"EMRO","Rota",2024,6390.29068873674,816.813710560544
"EMRO","Rota",2025,7045.47684934546,1471.99987116926
"EMRO","Rota",2026,7488.8505225412,1915.373544365
"EMRO","Rota",2027,8509.74077803418,2936.26379985798
"EMRO","Rota",2028,9256.85801977108,3683.38104159488
"EMRO","Rota",2029,9815.99507394121,4242.51809576501
"EMRO","Rota",2030,10244.1487211928,4670.67174301657
"EMRO","Rubella",2021,2766.11118711785,-57.3485345977189
"EMRO","Rubella",2022,2765.87359015514,-57.5861315604267
"EMRO","Rubella",2023,2767.42857310859,-56.0311486069815
"EMRO","Rubella",2024,2932.88020093437,109.420479218804
"EMRO","Rubella",2025,3041.59816723696,218.138445521389
"EMRO","Rubella",2026,3696.6277482477,873.168026532127
"EMRO","Rubella",2027,4236.21975522395,1412.76003350838
"EMRO","Rubella",2028,4603.56562327373,1780.10590155816
"EMRO","Rubella",2029,4855.52590518496,2032.06618346939
"EMRO","Rubella",2030,5028.95877624346,2205.49905452789
"EMRO","T",2021,89752.714397232,-199.96587755832
"EMRO","T",2022,91731.6476667562,1778.96739196583
"EMRO","T",2023,93648.5413466958,3695.86107190546
"EMRO","T",2024,95474.7033187486,5522.02304395826
"EMRO","T",2025,97198.4254876226,7245.74521283227
"EMRO","T",2026,98896.8304331479,8944.15015835759
"EMRO","T",2027,100547.50153147,10594.8212566799
"EMRO","T",2028,102145.361313449,12192.6810386583
"EMRO","T",2029,103666.201053208,13713.520778418
"EMRO","T",2030,105087.524195887,15134.8439210964
"EMRO","TB",2021,29734.4445048778,-41.4267513237275
"EMRO","TB",2022,29930.8688523924,154.997596190898
"EMRO","TB",2023,30116.7009418499,340.829685648408
"EMRO","TB",2024,30299.8050287719,523.933772570434
"EMRO","TB",2025,30485.1187364671,709.247480265543
"EMRO","TB",2026,30698.2827524144,922.411496212917
"EMRO","TB",2027,30924.0903687046,1148.21911250313
"EMRO","TB",2028,31155.4132782443,1379.54202204283
"EMRO","TB",2029,31378.7987783442,1602.92752214265
"EMRO","TB",2030,31583.9090486666,1808.03779246508
"EMRO","YF",2024,1272.76271468442,1272.76271468442
"EMRO","YF",2025,2134.01782059173,2134.01782059173
"EMRO","YF",2026,3108.86104596732,3108.86104596732
"EMRO","YF",2027,3817.56225745332,3817.56225745332
"EMRO","YF",2028,4339.09117186828,4339.09117186828
"EMRO","YF",2029,4728.39093583725,4728.39093583725
"EMRO","YF",2030,5024.10065171445,5024.10065171445
"EURO","D",2021,17215.9881831623,-686.122404589622
"EURO","D",2022,16951.6431396512,-950.467448100718
"EURO","D",2023,16709.8785617096,-1192.23202604227
"EURO","D",2024,16498.455139631,-1403.65544812091
"EURO","D",2025,16322.199004888,-1579.91158286386
"EURO","D",2026,16194.2972368604,-1707.81335089152
"EURO","D",2027,16108.5014749392,-1793.60911281274
"EURO","D",2028,16059.5137812663,-1842.5968064856
"EURO","D",2029,16036.6368133704,-1865.47377438147
"EURO","D",2030,16030.823135507,-1871.28745224487
"EURO","HPV",2021,20039.7736461718,-4984.53851187885
"EURO","HPV",2022,20909.7325895453,-4114.57956850538
"EURO","HPV",2023,21157.1817929999,-3867.13036505073
"EURO","HPV",2024,22243.876062031,-2959.42157933426
"EURO","HPV",2025,22136.5618252713,-3066.73581609395
"EURO","HPV",2026,22031.7516011762,-3171.54604018911
"EURO","HPV",2027,23019.0648248282,-2184.2328165371
"EURO","HPV",2028,23946.3711310086,-1256.92651035664
"EURO","HPV",2029,24825.9457621519,-377.351879213365
"EURO","HPV",2030,25715.5895161814,512.291874816177
"EURO","HepB",2021,97583.4341239434,-3009.0551957172
"EURO","HepB",2022,96504.697893767,-4087.79142589357
"EURO","HepB",2023,95427.2875145733,-5165.20180508725
"EURO","HepB",2024,94403.5956202847,-6188.89369937587
"EURO","HepB",2025,93580.101440273,-7012.38787938757
"EURO","HepB",2026,92967.9691294786,-7624.52019018202
"EURO","HepB",2027,92533.9916225455,-8058.49769711512
"EURO","HepB",2028,92253.2104156188,-8339.27890404184
"EURO","HepB",2029,92064.7658482959,-8527.72347136465
"EURO","HepB",2030,91920.1034890598,-8672.38583060082
"EURO","Hib",2021,4059.01795712362,-130.802186623692
"EURO","Hib",2022,4023.29553167978,-166.524612067527
"EURO","Hib",2023,3990.04563756218,-199.774506185125
"EURO","Hib",2024,3961.50950533125,-228.310638416055
"EURO","Hib",2025,3938.91185730319,-250.908286444113
"EURO","Hib",2026,3925.33621096686,-264.483932780443
"EURO","Hib",2027,3918.93756739599,-270.882576351313
"EURO","Hib",2028,3920.00599629816,-269.814147449145
"EURO","Hib",2029,3928.00454104385,-261.815602703455
"EURO","Hib",2030,3942.02928260425,-247.790861143057
"EURO","Measles",2021,66070.6104745563,-2192.8378906945
"EURO","Measles",2022,65489.2947943775,-2774.15357087332
"EURO","Measles",2023,65040.4668460402,-3222.98151921053
"EURO","Measles",2024,64560.8171581223,-3702.63120712847
"EURO","Measles",2025,64095.4635287417,-4167.98483650907
"EURO","Measles",2026,63670.7956814182,-4592.65268383257
"EURO","Measles",2027,63289.965172742,-4973.48319250876
"EURO","Measles",2028,62950.2006915495,-5313.24767370129
"EURO","Measles",2029,62690.5022307234,-5572.94613452744
"EURO","Measles",2030,62503.2510858902,-5760.19727936058
"EURO","P",2021,7200.98567267875,-298.531177475704
"EURO","P",2022,7085.33337650308,-414.183473651372
"EURO","P",2023,6980.14755915731,-519.369290997142
"EURO","P",2024,6888.89692901298,-610.619921141476
"EURO","P",2025,6813.72010594677,-685.796744207685
"EURO","P",2026,6760.63513690092,-738.881713253535
"EURO","P",2027,6726.63878293279,-772.878067221666
"EURO","P",2028,6709.19558389246,-790.321266261998
"EURO","P",2029,6703.30708850733,-796.209761647122
"EURO","P",2030,6704.75418812059,-794.762662033868
"EURO","PCV",2021,3571.21389468723,-123.139626024367
"EURO","PCV",2022,3555.02628191859,-139.327238793006
"EURO","PCV",2023,3623.56063357144,-70.7928871401652
"EURO","PCV",2024,3869.68556217377,175.33204146217
"EURO","PCV",2025,4003.21370652533,308.860185813734
"EURO","PCV",2026,4100.10316345155,405.749642739948
"EURO","PCV",2027,4158.61227427747,464.258753565866
"EURO","PCV",2028,4196.58838303585,502.234862324248
"EURO","PCV",2029,4224.83279199332,530.479271281719
"EURO","PCV",2030,4249.03777571557,554.684255003973
"EURO","Rota",2021,393.045634299004,-8.23762608835812
"EURO","Rota",2022,394.171142021008,-7.11211836635456
"EURO","Rota",2023,412.962031816912,11.6787714295492
"EURO","Rota",2024,423.709829667862,22.4265692804991
"EURO","Rota",2025,457.23207361746,55.9488132300973
"EURO","Rota",2026,480.030836895017,78.7475765076542
"EURO","Rota",2027,499.311358055158,98.0280976677952
"EURO","Rota",2028,513.38838225463,112.105121867267
"EURO","Rota",2029,524.572478266796,123.289217879434
"EURO","Rota",2030,534.078698116337,132.795437728974
"EURO","Rubella",2021,6457.22412734231,-178.337325521533
"EURO","Rubella",2022,6373.85253068495,-261.708922178898
"EURO","Rubella",2023,6285.91334546253,-349.648107401316
"EURO","Rubella",2024,6203.64981847185,-431.911634391995
"EURO","Rubella",2025,6134.37143092893,-501.190021934918
"EURO","Rubella",2026,6084.53855490906,-551.022897954791
"EURO","Rubella",2027,6049.70009688079,-585.861355983054
"EURO","Rubella",2028,6026.56277428938,-608.998678574463
"EURO","Rubella",2029,6009.36788702494,-626.193565838907
"EURO","Rubella",2030,5993.86571120053,-641.695741663313
"EURO","T",2021,21980.1676172751,-864.839044766886
"EURO","T",2022,21647.1334283533,-1197.87323368872
"EURO","T",2023,21341.8218110102,-1503.18485103182
"EURO","T",2024,21074.0221854911,-1770.9844765509
"EURO","T",2025,20849.8452146984,-1995.16144734363
"EURO","T",2026,20685.7025086213,-2159.30415342071
"EURO","T",2027,20573.9577597325,-2271.04890230948
"EURO","T",2028,20508.0869335455,-2336.91972849645
"EURO","T",2029,20474.8520283225,-2370.1546337195
"EURO","T",2030,20463.0762738683,-2381.93038817365
"EURO","TB",2021,4813.31891289102,-214.648208403442
"EURO","TB",2022,4744.03465346675,-283.932467827715
"EURO","TB",2023,4680.48721680225,-347.479904492213
"EURO","TB",2024,4625.29288457782,-402.674236716642
"EURO","TB",2025,4580.07526094972,-447.891860344738
"EURO","TB",2026,4549.26986587137,-478.697255423096
"EURO","TB",2027,4531.21989667048,-496.747224623982
"EURO","TB",2028,4524.20496656263,-503.762154731831
"EURO","TB",2029,4524.66786146883,-503.299259825631
"EURO","TB",2030,4529.60401308251,-498.363108211955
"PAHO","D",2021,26563.3323775539,-237.739123650165
"PAHO","D",2022,26916.2512987388,115.179797534801
"PAHO","D",2023,27205.9322461081,404.860744904041
"PAHO","D",2024,27453.3468594196,652.275358215601
"PAHO","D",2025,27672.1830366343,871.111535430307
"PAHO","D",2026,27884.179362327,1083.10786112301
"PAHO","D",2027,28073.1332805226,1272.06177931858
"PAHO","D",2028,28236.4261536399,1435.35465243584
"PAHO","D",2029,28368.8571282188,1567.78562701475
"PAHO","D",2030,28467.1474073211,1666.07590611706
"PAHO","HPV",2021,100320.735587005,-33003.2622932522
"PAHO","HPV",2022,102780.364527807,-30543.63335245
"PAHO","HPV",2023,102425.528312106,-30898.469568152
"PAHO","HPV",2024,102065.41545451,-31258.5824257478
"PAHO","HPV",2025,103638.929854153,-29831.870999724
"PAHO","HPV",2026,104048.331536542,-29422.469317335
"PAHO","HPV",2027,106009.611711423,-27461.1891424543
"PAHO","HPV",2028,107916.064106125,-25554.7367477518
"PAHO","HPV",2029,109784.842472296,-23685.9583815809
"PAHO","HPV",2030,111572.633966671,-21898.1668872055
"PAHO","HepB",2021,134271.771936687,276.763484724331
"PAHO","HepB",2022,138276.637138973,4281.62868701021
"PAHO","HepB",2023,141530.081743502,7535.07329153998
"PAHO","HepB",2024,144159.774441046,10164.7659890834
"PAHO","HepB",2025,146264.111562216,12269.1031102533
"PAHO","HepB",2026,148021.905662249,14026.897210287
"PAHO","HepB",2027,149421.76070922,15426.7522572576
"PAHO","HepB",2028,150445.587070222,16450.5786182595
"PAHO","HepB",2029,151196.040267905,17201.0318159426
"PAHO","HepB",2030,151756.437325657,17761.4288736944
"PAHO","Hib",2021,6592.91552526573,-56.9860125550549
"PAHO","Hib",2022,6643.58809250786,-6.31344531291947
"PAHO","Hib",2023,6684.67157504955,34.7700372287724
"PAHO","Hib",2024,6719.52453540477,69.6229975839907
"PAHO","Hib",2025,6750.04578291542,100.144245094642
"PAHO","Hib",2026,6780.32906005596,130.427522235179
"PAHO","Hib",2027,6806.74607099803,156.844533177248
"PAHO","Hib",2028,6828.6904591175,178.788921296719
"PAHO","Hib",2029,6845.26819515847,195.366657337694
"PAHO","Hib",2030,6855.97692747091,206.075389650125
"PAHO","Measles",2021,105969.050971465,-820.692823611873
"PAHO","Measles",2022,107003.653884753,213.910089676221
"PAHO","Measles",2023,107840.950513326,1051.20671824937
"PAHO","Measles",2024,108542.596045568,1752.85225049164
"PAHO","Measles",2025,109110.856799237,2321.11300416051
"PAHO","Measles",2026,109624.663238337,2834.91944326062
"PAHO","Measles",2027,110019.425455042,3229.68165996532
"PAHO","Measles",2028,110281.023556444,3491.27976136761
"PAHO","Measles",2029,110443.487158365,3653.7433632887
"PAHO","Measles",2030,110504.499626651,3714.75583157399
"PAHO","P",2021,11518.5325420584,-109.295725872017
"PAHO","P",2022,11687.8889400579,60.0606721274984
"PAHO","P",2023,11827.398947499,199.570679568564
"PAHO","P",2024,11946.9111165786,319.082848648168
"PAHO","P",2025,12053.0708392634,425.242571333024
"PAHO","P",2026,12155.5379001056,527.709632175216
"PAHO","P",2027,12247.6849506772,619.856682746756
"PAHO","P",2028,12328.2299294995,700.401661569059
"PAHO","P",2029,12394.505055259,766.676787328629
"PAHO","P",2030,12444.76307503,816.934807099591
"PAHO","PCV",2021,6383.58032769146,-48.174069813606
"PAHO","PCV",2022,6591.17304870423,159.418651199161
"PAHO","PCV",2023,6764.11660291309,332.362205408023
"PAHO","PCV",2024,6903.94063047672,472.186232971653
"PAHO","PCV",2025,7018.21183576439,586.457438259323
"PAHO","PCV",2026,7110.69598339244,678.941585887375
"PAHO","PCV",2027,7181.6354463432,749.881048838132
"PAHO","PCV",2028,7234.16595474758,802.411557242518
"PAHO","PCV",2029,7270.96988900421,839.21549149915
"PAHO","PCV",2030,7294.54416561026,862.7897681052
"PAHO","Rota",2021,1851.35874354798,-15.16329952345
"PAHO","Rota",2022,1885.92557798703,19.4035349156032
"PAHO","Rota",2023,1918.06375181199,51.5417087405618
"PAHO","Rota",2024,1946.79682026645,80.274777195018
"PAHO","Rota",2025,1969.69952026068,103.177477189246
"PAHO","Rota",2026,1987.92806457885,121.406021507421
"PAHO","Rota",2027,2000.94551563472,134.423472563292
"PAHO","Rota",2028,2009.51385885726,142.991815785833
"PAHO","Rota",2029,2014.88530820363,148.3632651322
"PAHO","Rota",2030,2018.15887049689,151.636827425455
"PAHO","Rubella",2021,11705.7295129853,-46.9825660346161
"PAHO","Rubella",2022,11788.8747203007,36.1626412808165
"PAHO","Rubella",2023,11852.2830286357,99.5709496158599
"PAHO","Rubella",2024,11900.4484020002,147.736322980269
"PAHO","Rubella",2025,11936.1037911445,183.391712124576
"PAHO","Rubella",2026,11968.1487584565,215.436679436618
"PAHO","Rubella",2027,11987.8531279818,235.141048961866
"PAHO","Rubella",2028,11996.4559154226,243.743836402666
"PAHO","Rubella",2029,11995.9410356382,243.228956618317
"PAHO","Rubella",2030,11988.2523671661,235.540288146174
"PAHO","T",2021,33268.3183969139,-289.118193343028
"PAHO","T",2022,33692.9427919353,135.506201678384
"PAHO","T",2023,34040.7615521822,483.324961925283
"PAHO","T",2024,34337.3034944276,779.866904170688
"PAHO","T",2025,34599.0509015814,1041.61431132447
"PAHO","T",2026,34852.9983411539,1295.56175089697
"PAHO","T",2027,35078.4354300453,1520.99883978836
"PAHO","T",2028,35272.2837076439,1714.84711738694
"PAHO","T",2029,35428.5126072228,1871.07601696591
"PAHO","T",2030,35543.3876364956,1985.95104623862
"PAHO","TB",2021,7537.07217195637,-91.583422507247
"PAHO","TB",2022,7580.52137207264,-48.1342223909809
"PAHO","TB",2023,7612.8828864814,-15.7727079822201
"PAHO","TB",2024,7638.32347503025,9.66788056662622
"PAHO","TB",2025,7660.24366366645,31.5880692028341
"PAHO","TB",2026,7684.842064496,56.1864700323766
"PAHO","TB",2027,7708.27945397107,79.6238595074539
"PAHO","TB",2028,7729.21695921614,100.561364752519
"PAHO","TB",2029,7744.97816419628,116.322569732656
"PAHO","TB",2030,7753.47906629408,124.82347183046
"PAHO","YF",2021,4673.69535818398,-92.6976762871657
"PAHO","YF",2022,4869.56652475643,103.173490285283
"PAHO","YF",2023,5022.03945974997,255.646425278822
"PAHO","YF",2024,5147.4468020399,381.053767568754
"PAHO","YF",2025,5257.5727795834,491.179745112246
"PAHO","YF",2026,5363.40185503311,597.008820561966
"PAHO","YF",2027,5461.68684832429,695.293813853144
"PAHO","YF",2028,5550.27796917197,783.884934700818
"PAHO","YF",2029,5623.73885273912,857.345818267967
"PAHO","YF",2030,5678.05302447589,911.659990004743
"SEARO","D",2021,299200.500568129,355.198729135261
"SEARO","D",2022,299092.951685486,247.649846492363
"SEARO","D",2023,298248.074457994,-597.227381000012
"SEARO","D",2024,297204.279819438,-1641.02201955538
"SEARO","D",2025,296376.041748113,-2469.26009088093
"SEARO","D",2026,296056.120814264,-2789.18102473006
"SEARO","D",2027,295895.146890294,-2950.15494869983
"SEARO","D",2028,295775.525763845,-3069.77607514874
"SEARO","D",2029,295515.259332017,-3330.04250697655
"SEARO","D",2030,294976.148952995,-3869.15288599811
"SEARO","HPV",2021,14454.6241906357,14094.7123943094
"SEARO","HPV",2022,27157.5203236583,26797.6085273319
"SEARO","HPV",2023,38056.2057170239,37696.2939206975
"SEARO","HPV",2024,52747.5100451142,52387.5982487879
"SEARO","HPV",2025,97628.5264238948,97268.6146275685
"SEARO","HPV",2026,115887.898155771,115527.986359445
"SEARO","HPV",2027,121892.297651921,121532.385855594
"SEARO","HPV",2028,127817.998764996,127458.08696867
"SEARO","HPV",2029,133613.683234731,133253.771438404
"SEARO","HPV",2030,139447.196612252,139087.284815925
"SEARO","HepB",2021,219433.777583072,-1747.88871994784
"SEARO","HepB",2022,224727.694322495,3546.02801947555
"SEARO","HepB",2023,229161.000529293,7979.33422627355
"SEARO","HepB",2024,233501.813824853,12320.1475218334
"SEARO","HepB",2025,236725.850130008,15544.1838269883
"SEARO","HepB",2026,239109.285276494,17927.6189734741
"SEARO","HepB",2027,240747.033682152,19565.3673791327
"SEARO","HepB",2028,241795.638300463,20613.9719974435
"SEARO","HepB",2029,242385.657762141,21203.9914591218
"SEARO","HepB",2030,242615.600684862,21433.9343818424
"SEARO","Hib",2021,56843.8524352014,167.652092864124
"SEARO","Hib",2022,56731.7154773296,55.5151349923843
"SEARO","Hib",2023,56431.165309072,-245.035033265238
"SEARO","Hib",2024,56086.5804995759,-589.619842761378
"SEARO","Hib",2025,55855.1332254086,-821.067116928634
"SEARO","Hib",2026,55737.7064949392,-938.493847398062
"SEARO","Hib",2027,55663.2808440424,-1012.91949829484
"SEARO","Hib",2028,55607.9745925906,-1068.22574974667
"SEARO","Hib",2029,55527.8253967683,-1148.37494556899
"SEARO","Hib",2030,55388.5616854898,-1287.63865684747
"SEARO","JE",2021,4358.9728540348,30.7474568015503
"SEARO","JE",2022,4344.99346038435,16.7680631511073
"SEARO","JE",2023,4311.27705795776,-16.9483392754813
"SEARO","JE",2024,5429.98844707286,1101.76304983961
"SEARO","JE",2025,6041.97901600106,1713.75361876781
"SEARO","JE",2026,6381.89248163843,2053.66708440518
"SEARO","JE",2027,6558.25799761502,2230.03260038178
"SEARO","JE",2028,6641.28073850326,2313.05534127002
"SEARO","JE",2029,6668.45022826469,2340.22483103145
"SEARO","JE",2030,6660.41844259218,2332.19304535894
"SEARO","Measles",2021,329950.082771217,1280.5356685788
"SEARO","Measles",2022,330690.957314518,2021.41021188002
"SEARO","Measles",2023,329602.968774442,933.421671804012
"SEARO","Measles",2024,328597.196302999,-72.3507996384471
"SEARO","Measles",2025,327894.235637267,-775.311465371142
"SEARO","Measles",2026,327888.036411852,-781.510690785974
"SEARO","Measles",2027,328127.780795288,-541.766307350224
"SEARO","Measles",2028,328470.855319126,-198.691783512039
"SEARO","Measles",2029,328571.920174436,-97.6269282021821
"SEARO","Measles",2030,328251.287885214,-418.259217423603
"SEARO","P",2021,168494.72840563,188.888493287012
"SEARO","P",2022,168471.419542303,165.579629960393
"SEARO","P",2023,168044.090150542,-261.749761801218
"SEARO","P",2024,167504.682713324,-801.157199018858
"SEARO","P",2025,167077.917519042,-1227.92239330109
"SEARO","P",2026,166925.009839495,-1380.83007284758
"SEARO","P",2027,166853.155605933,-1452.68430640996
"SEARO","P",2028,166798.620629404,-1507.2192829388
"SEARO","P",2029,166663.177872248,-1642.66204009459
"SEARO","P",2030,166372.310830848,-1933.52908149475
"SEARO","PCV",2021,12746.8843184518,-91.1222677269826
"SEARO","PCV",2022,23447.3241113428,10609.317525164
"SEARO","PCV",2023,31196.9127030751,18358.9061168963
"SEARO","PCV",2024,36930.7934867293,24092.7869005505
"SEARO","PCV",2025,41033.9461103233,28195.9395241446
"SEARO","PCV",2026,44079.7645468664,31241.7579606876
"SEARO","PCV",2027,46286.8236784569,33448.8170922781
"SEARO","PCV",2028,47877.6892062076,35039.6826200288
"SEARO","PCV",2029,48985.6319172681,36147.6253310893
"SEARO","PCV",2030,49701.9173259602,36863.9107397814
"SEARO","Rota",2021,6042.57671990128,58.6610809947115
"SEARO","Rota",2022,7653.66638064996,1669.75074174338
"SEARO","Rota",2023,8840.79387744792,2856.87823854134
"SEARO","Rota",2024,10109.1244002104,4125.20876130386
"SEARO","Rota",2025,11040.948957259,5057.03331835247
"SEARO","Rota",2026,11929.3444755784,5945.42883667183
"SEARO","Rota",2027,13492.385775288,7508.47013638139
"SEARO","Rota",2028,14454.5638981,8470.64825919345
"SEARO","Rota",2029,15044.4855340027,9060.5698950961
"SEARO","Rota",2030,15395.0983736201,9411.18273471349
"SEARO","Rubella",2021,13641.9858152151,42.5830895940583
"SEARO","Rubella",2022,13771.7641838627,172.361458241647
"SEARO","Rubella",2023,13897.4865746004,298.083848979304
"SEARO","Rubella",2024,13967.5213505566,368.118624935559
"SEARO","Rubella",2025,14021.7357888562,422.333063235168
"SEARO","Rubella",2026,14083.8519924588,484.449266837689
"SEARO","Rubella",2027,14139.4921901547,540.089464533627
"SEARO","Rubella",2028,14184.819757244,585.417031622889
"SEARO","Rubella",2029,14211.1391027286,611.73637710748
"SEARO","Rubella",2030,14212.3375532449,612.934827623797
"SEARO","T",2021,343904.90601839,394.441667035324
"SEARO","T",2022,343769.232508584,258.768157229817
"SEARO","T",2023,342786.025119939,-724.439231415229
"SEARO","T",2024,341574.60885255,-1935.85549880391
"SEARO","T",2025,340611.749457738,-2898.7148936163
"SEARO","T",2026,340234.39186488,-3276.07248647428
"SEARO","T",2027,340040.700289325,-3469.76406202933
"SEARO","T",2028,339895.358376504,-3615.10597485038
"SEARO","T",2029,339588.874444322,-3921.58990703239
"SEARO","T",2030,338962.165695904,-4548.29865544975
"SEARO","TB",2021,129674.096496079,92.8502956406151
"SEARO","TB",2022,129350.883633764,-230.362566674506
"SEARO","TB",2023,128753.568844567,-827.677355871399
"SEARO","TB",2024,128086.023077382,-1495.22312305682
"SEARO","TB",2025,127507.740934838,-2073.50526560022
"SEARO","TB",2026,127138.72203065,-2442.52416978887
"SEARO","TB",2027,126838.252486886,-2742.99371355257
"SEARO","TB",2028,126561.545445282,-3019.70075515625
"SEARO","TB",2029,126238.449070138,-3342.79713030047
"SEARO","TB",2030,125814.762271259,-3766.4839291796
"WPRO","D",2021,41864.7582384575,-970.039936531575
"WPRO","D",2022,42378.8326899336,-455.96548505543
"WPRO","D",2023,43007.5736290156,172.775454026581
"WPRO","D",2024,43627.273516174,792.475341184919
"WPRO","D",2025,44125.5133507535,1290.71517576451
"WPRO","D",2026,44465.6968951292,1630.89872014016
"WPRO","D",2027,44661.7260865581,1826.92791156901
"WPRO","D",2028,44742.3334895923,1907.53531460322
"WPRO","D",2029,44770.5398866338,1935.74171164477
"WPRO","D",2030,44804.7241760764,1969.92600108739
"WPRO","HPV",2021,17144.51345897,8336.61702838189
"WPRO","HPV",2022,23369.4180895566,14557.2358337276
"WPRO","HPV",2023,25930.147723121,17117.965467292
"WPRO","HPV",2024,26067.9367531957,17255.7544973667
"WPRO","HPV",2025,47280.1244002329,38467.9421444039
"WPRO","HPV",2026,53500.3194910995,44688.1372352705
"WPRO","HPV",2027,53400.5352688597,44588.3530130308
"WPRO","HPV",2028,53211.2286728415,44399.0464170125
"WPRO","HPV",2029,52914.1811937434,44101.9989379144
"WPRO","HPV",2030,52519.8789983701,43707.6967425411
"WPRO","HepB",2021,477857.314749695,-18481.0360285582
"WPRO","HepB",2022,470789.430305196,-25548.9204730573
"WPRO","HepB",2023,463819.698441854,-32518.6523363984
"WPRO","HepB",2024,457722.943489474,-38615.4072887787
"WPRO","HepB",2025,453003.305595576,-43335.045182677
"WPRO","HepB",2026,450476.919382103,-45861.4313961499
"WPRO","HepB",2027,449433.976465413,-46904.3743128395
"WPRO","HepB",2028,449276.124970832,-47062.225807421
"WPRO","HepB",2029,449099.93065038,-47238.4201278732
"WPRO","HepB",2030,448241.158137232,-48097.1926410207
"WPRO","Hib",2021,3965.38476886217,-14.5035280898348
"WPRO","Hib",2022,4078.82351268964,98.9352157376365
"WPRO","Hib",2023,4202.72476670012,222.836469748115
"WPRO","Hib",2024,9942.3906753431,5962.5023783911
"WPRO","Hib",2025,12800.7761933668,8820.8878964148
"WPRO","Hib",2026,14237.290288441,10257.4019914889
"WPRO","Hib",2027,14966.6183316976,10986.7300347456
"WPRO","Hib",2028,15340.3444552659,11360.4561583139
"WPRO","Hib",2029,15525.1295424239,11545.2412454719
"WPRO","Hib",2030,15602.0231519028,11622.1348549508
"WPRO","JE",2021,1276.04317732782,-25.1360311292584
"WPRO","JE",2022,1247.17924750684,-53.999960950234
"WPRO","JE",2023,4687.45610750703,3386.27689904995
"WPRO","JE",2024,6497.07729954293,5195.89809108585
"WPRO","JE",2025,7445.42924021741,6144.25003176033
"WPRO","JE",2026,7965.05371927266,6663.87451081558
"WPRO","JE",2027,8654.91388296906,7353.73467451198
"WPRO","JE",2028,9077.44442586909,7776.26521741201
"WPRO","JE",2029,9323.23365423589,8022.05444577881
"WPRO","JE",2030,9447.44642184511,8146.26721338803
"WPRO","Measles",2021,117065.425631211,-4003.77983825057
"WPRO","Measles",2022,115625.360671151,-5443.84479831019
"WPRO","Measles",2023,114394.415618437,-6674.7898510248
"WPRO","Measles",2024,113241.870875518,-7827.33459394374
"WPRO","Measles",2025,112310.370590247,-8758.83487921424
"WPRO","Measles",2026,111703.862916863,-9365.3425525982
"WPRO","Measles",2027,111427.931811334,-9641.273658127
"WPRO","Measles",2028,111391.010855938,-9678.19461352372
"WPRO","Measles",2029,111242.700665878,-9826.5048035838
"WPRO","Measles",2030,110979.231483263,-10089.9739861988
"WPRO","P",2021,18698.3820969988,-373.662689444059
"WPRO","P",2022,19053.5401223121,-18.5046641307379
"WPRO","P",2023,19469.4207535117,397.375967068862
"WPRO","P",2024,19870.8755399584,798.83075351556
"WPRO","P",2025,20191.6632749649,1119.61848852203
"WPRO","P",2026,20404.4788803688,1332.4340939259
"WPRO","P",2027,20523.8909273977,1451.84614095486
"WPRO","P",2028,20571.8700087578,1499.825222315
"WPRO","P",2029,20592.0657775597,1520.02099111679
"WPRO","P",2030,20623.0433491478,1550.99856270497
"WPRO","PCV",2021,2529.38011643704,-4.20161631933667
"WPRO","PCV",2022,2778.13707955445,244.555346798067
"WPRO","PCV",2023,8076.18848075722,5542.60674800083
"WPRO","PCV",2024,10979.9522750592,8446.37054230282
"WPRO","PCV",2025,12578.808789802,10045.2270570456
"WPRO","PCV",2026,13713.2753594113,11179.6936266549
"WPRO","PCV",2027,14374.4125228638,11840.8307901074
"WPRO","PCV",2028,14768.9571966662,12235.3754639099
"WPRO","PCV",2029,15002.1964692455,12468.6147364891
"WPRO","PCV",2030,15130.7388364234,12597.157103667
"WPRO","Rota",2021,50.2353148414275,0.180410336668831
"WPRO","Rota",2022,344.094350355817,294.039445851059
"WPRO","Rota",2023,1784.62357187465,1734.56866736989
"WPRO","Rota",2024,2655.65895101704,2605.60404651228
"WPRO","Rota",2025,3239.05157879338,3188.99667428862
"WPRO","Rota",2026,3666.16040586026,3616.1055013555
"WPRO","Rota",2027,4081.67133244024,4031.61642793548
"WPRO","Rota",2028,4351.69791715191,4301.64301264715
"WPRO","Rota",2029,4529.25260384705,4479.19769934229
"WPRO","Rota",2030,4649.68025264146,4599.6253481367
"WPRO","Rubella",2021,5657.09256427829,-148.931466394336
"WPRO","Rubella",2022,5637.36450410118,-168.659526571449
"WPRO","Rubella",2023,5626.23641450546,-179.787616167175
"WPRO","Rubella",2024,5619.48014977894,-186.543880893694
"WPRO","Rubella",2025,5612.8303039092,-193.193726763434
"WPRO","Rubella",2026,5610.35622906685,-195.667801605784
"WPRO","Rubella",2027,5607.81068365381,-198.213347018824
"WPRO","Rubella",2028,5603.22242467267,-202.801605999963
"WPRO","Rubella",2029,5594.63644294766,-211.387587724974
"WPRO","Rubella",2030,5581.17333424716,-224.850696425469
"WPRO","T",2021,52061.445211708,-1256.50242468846
"WPRO","T",2022,52596.7616124896,-721.18602390681
"WPRO","T",2023,53267.7344542287,-50.213182167773
"WPRO","T",2024,53935.9933849169,618.045748520456
"WPRO","T",2025,54474.2297099448,1156.28207354833
"WPRO","T",2026,54845.617711889,1527.67007549258
"WPRO","T",2027,55060.8390054193,1742.89136902284
"WPRO","T",2028,55148.4602967095,1830.51266031306
"WPRO","T",2029,55174.6800669241,1856.73243052768
"WPRO","T",2030,55202.2626393573,1884.31500296086
"WPRO","TB",2021,14032.2106528789,-253.434769763286
"WPRO","TB",2022,14159.1267082357,-126.518714406471
"WPRO","TB",2023,14340.8919030836,55.2464804414607
"WPRO","TB",2024,14513.7737467904,228.128324148282
"WPRO","TB",2025,14627.7346601062,342.089237464084
"WPRO","TB",2026,14664.9654006781,379.319978035969
"WPRO","TB",2027,14641.7134975626,356.068074920477
"WPRO","TB",2028,14577.0788306785,291.433408036344
"WPRO","TB",2029,14504.3511145386,218.705691896432
"WPRO","TB",2030,14450.8551482923,165.209725650199
